date,timestamp,confidence
2011-06-27,1309132800,67.84
2011-06-28,1309219200,68.65
2011-06-29,1309305600,68.37
2011-06-30,1309392000,67.9
2011-07-01,1309478400,67.12
2011-07-02,1309564800,65.35
2011-07-03,1309651200,64.58
2011-07-04,1309737600,63.12
2011-07-05,1309824000,62.21
2011-07-06,1309910400,62.08
2011-07-07,1309996800,60.68
2011-07-08,1310083200,61.4
2011-07-09,1310169600,61.69
2011-07-10,1310256000,61.2
2011-07-11,1310342400,60.46
2011-07-12,1310428800,60.29
2011-07-13,1310515200,59.86
2011-07-14,1310601600,59.12
2011-07-15,1310688000,58.61
2011-07-16,1310774400,58.38
2011-07-17,1310860800,58.38
2011-07-18,1310947200,58.36
2011-07-19,1311033600,57.72
2011-07-20,1311120000,59.36
2011-07-21,1311206400,59.22
2011-07-22,1311292800,59.44
2011-07-23,1311379200,59.13
2011-07-24,1311465600,59.38
2011-07-25,1311552000,59.36
2011-07-26,1311638400,59.53
2011-07-27,1311724800,58.1
2011-07-28,1311811200,57.43
2011-07-29,1311897600,56.43
2011-07-30,1311984000,56.03
2011-07-31,1312070400,55.79
2011-08-01,1312156800,55.43
2011-08-02,1312243200,55.07
2011-08-03,1312329600,51.42
2011-08-04,1312416000,51.52
2011-08-05,1312502400,46.76
2011-08-06,1312588800,43.37
2011-08-07,1312675200,44.26
2011-08-08,1312761600,38.22
2011-08-09,1312848000,42.75
2011-08-10,1312934400,42.81
2011-08-11,1313020800,44.94
2011-08-12,1313107200,45.82
2011-08-13,1313193600,45.47
2011-08-14,1313280000,45.7
2011-08-15,1313366400,46.7
2011-08-16,1313452800,47.7
2011-08-17,1313539200,48.09
2011-08-18,1313625600,47.85
2011-08-19,1313712000,48.33
2011-08-20,1313798400,48.1
2011-08-21,1313884800,48.92
2011-08-22,1313971200,48.74
2011-08-23,1314057600,48.41
2011-08-24,1314144000,47.47
2011-08-25,1314230400,45.45
2011-08-26,1314316800,43.37
2011-08-27,1314403200,42.22
2011-08-28,1314489600,39.63
2011-08-29,1314576000,41.94
2011-08-30,1314662400,42.74
2011-08-31,1314748800,42.27
2011-09-01,1314835200,41.85
2011-09-02,1314921600,41.3
2011-09-03,1315008000,40.68
2011-09-04,1315094400,40.98
2011-09-05,1315180800,37.45
2011-09-06,1315267200,35.76
2011-09-07,1315353600,35.05
2011-09-08,1315440000,32.31
2011-09-09,1315526400,29.45
2011-09-10,1315612800,27.72
2011-09-11,1315699200,24.6
2011-09-12,1315785600,23.06
2011-09-13,1315872000,28.6
2011-09-14,1315958400,29.77
2011-09-15,1316044800,27.81
2011-09-16,1316131200,26.42
2011-09-17,1316217600,23.49
2011-09-18,1316304000,23.88
2011-09-19,1316390400,24.37
2011-09-20,1316476800,25.19
2011-09-21,1316563200,25.36
2011-09-22,1316649600,27.02
2011-09-23,1316736000,25.87
2011-09-24,1316822400,24.79
2011-09-25,1316908800,24.69
2011-09-26,1316995200,23.37
2011-09-27,1317081600,23.12
2011-09-28,1317168000,21.09
2011-09-29,1317254400,20.76
2011-09-30,1317340800,20.54
2011-10-01,1317427200,20.18
2011-10-02,1317513600,21.39
2011-10-03,1317600000,21.53
2011-10-04,1317686400,20.74
2011-10-05,1317772800,20.81
2011-10-06,1317859200,20.01
2011-10-07,1317945600,18.77
2011-10-08,1318032000,17.22
2011-10-09,1318118400,15.87
2011-10-10,1318204800,15.07
2011-10-11,1318291200,14.37
2011-10-12,1318377600,14.79
2011-10-13,1318464000,14.18
2011-10-14,1318550400,14.46
2011-10-15,1318636800,14.1
2011-10-16,1318723200,13.3
2011-10-17,1318809600,9.2
2011-10-18,1318896000,7.72
2011-10-19,1318982400,6.97
2011-10-20,1319068800,5.85
2011-10-21,1319155200,6.25
2011-10-22,1319241600,8.16
2011-10-23,1319328000,7.98
2011-10-24,1319414400,6.15
2011-10-25,1319500800,8.04
2011-10-26,1319587200,7.61
2011-10-27,1319673600,7.61
2011-10-28,1319760000,8.43
2011-10-29,1319846400,9.69
2011-10-30,1319932800,9.45
2011-10-31,1320019200,9.96
2011-11-01,1320105600,10.14
2011-11-02,1320192000,10.36
2011-11-03,1320278400,9.98
2011-11-04,1320364800,9.57
2011-11-05,1320451200,9.01
2011-11-06,1320537600,8.83
2011-11-07,1320624000,8.58
2011-11-08,1320710400,8.56
2011-11-09,1320796800,8.19
2011-11-10,1320883200,8.02
2011-11-11,1320969600,9.08
2011-11-12,1321056000,8.7
2011-11-13,1321142400,8.56
2011-11-14,1321228800,6.64
2011-11-15,1321315200,6.63
2011-11-16,1321401600,6.75
2011-11-17,1321488000,5.48
2011-11-18,1321574400,6.61
2011-11-19,1321660800,6.61
2011-11-20,1321747200,6.49
2011-11-21,1321833600,6.62
2011-11-22,1321920000,6.69
2011-11-23,1322006400,6.76
2011-11-24,1322092800,7.09
2011-11-25,1322179200,6.86
2011-11-26,1322265600,6.88
2011-11-27,1322352000,6.85
2011-11-28,1322438400,7.06
2011-11-29,1322524800,7.55
2011-11-30,1322611200,8.58
2011-12-01,1322697600,9.63
2011-12-02,1322784000,10.25
2011-12-03,1322870400,9.76
2011-12-04,1322956800,9.5
2011-12-05,1323043200,9.49
2011-12-06,1323129600,9.68
2011-12-07,1323216000,9.58
2011-12-08,1323302400,9.78
2011-12-09,1323388800,9.69
2011-12-10,1323475200,9.88
2011-12-11,1323561600,10.27
2011-12-12,1323648000,9.98
2011-12-13,1323734400,10.26
2011-12-14,1323820800,10.27
2011-12-15,1323907200,10.1
2011-12-16,1323993600,9.89
2011-12-17,1324080000,9.74
2011-12-18,1324166400,10.07
2011-12-19,1324252800,11.28
2011-12-20,1324339200,12.4
2011-12-21,1324425600,12.65
2011-12-22,1324512000,14.82
2011-12-23,1324598400,15.08
2011-12-24,1324684800,15.05
2011-12-25,1324771200,16.13
2011-12-26,1324857600,15.88
2011-12-27,1324944000,17.45
2011-12-28,1325030400,16.78
2011-12-29,1325116800,16.47
2011-12-30,1325203200,17.29
2011-12-31,1325289600,18.2
2012-01-01,1325376000,20.2
2012-01-02,1325462400,21.8
2012-01-03,1325548800,23.47
2012-01-04,1325635200,25.1
2012-01-05,1325721600,26.41
2012-01-06,1325808000,28.33
2012-01-07,1325894400,32.28
2012-01-08,1325980800,33.32
2012-01-09,1326067200,32.07
2012-01-10,1326153600,32.52
2012-01-11,1326240000,31.51
2012-01-12,1326326400,31.39
2012-01-13,1326412800,31.64
2012-01-14,1326499200,31.86
2012-01-15,1326585600,31.38
2012-01-16,1326672000,31.59
2012-01-17,1326758400,30.21
2012-01-18,1326844800,29.82
2012-01-19,1326931200,27.53
2012-01-20,1327017600,27.92
2012-01-21,1327104000,28.92
2012-01-22,1327190400,29.45
2012-01-23,1327276800,29.04
2012-01-24,1327363200,28.69
2012-01-25,1327449600,28.09
2012-01-26,1327536000,26.63
2012-01-27,1327622400,25.14
2012-01-28,1327708800,24.12
2012-01-29,1327795200,23.24
2012-01-30,1327881600,24.61
2012-01-31,1327968000,24.13
2012-02-01,1328054400,25.04
2012-02-02,1328140800,25.23
2012-02-03,1328227200,26.45
2012-02-04,1328313600,26.77
2012-02-05,1328400000,25.83
2012-02-06,1328486400,25.04
2012-02-07,1328572800,24.44
2012-02-08,1328659200,23.64
2012-02-09,1328745600,24.31
2012-02-10,1328832000,24.45
2012-02-11,1328918400,24.29
2012-02-12,1329004800,24.48
2012-02-13,1329091200,23.17
2012-02-14,1329177600,20.49
2012-02-15,1329264000,19.5
2012-02-16,1329350400,16.56
2012-02-17,1329436800,15.5
2012-02-18,1329523200,15.22
2012-02-19,1329609600,16.01
2012-02-20,1329696000,15.5
2012-02-21,1329782400,15.48
2012-02-22,1329868800,15.55
2012-02-23,1329955200,16.73
2012-02-24,1330041600,17.35
2012-02-25,1330128000,18.96
2012-02-26,1330214400,18.86
2012-02-27,1330300800,17.59
2012-02-28,1330387200,17.66
2012-02-29,1330473600,18.06
2012-03-01,1330560000,17.79
2012-03-02,1330646400,17.32
2012-03-03,1330732800,16.88
2012-03-04,1330819200,16.4
2012-03-05,1330905600,16.24
2012-03-06,1330992000,17.16
2012-03-07,1331078400,17.87
2012-03-08,1331164800,17.97
2012-03-09,1331251200,17.91
2012-03-10,1331337600,17.69
2012-03-11,1331424000,17.26
2012-03-12,1331510400,17.0
2012-03-13,1331596800,17.77
2012-03-14,1331683200,18.14
2012-03-15,1331769600,18.95
2012-03-16,1331856000,19.55
2012-03-17,1331942400,19.46
2012-03-18,1332028800,19.81
2012-03-19,1332115200,18.51
2012-03-20,1332201600,18.61
2012-03-21,1332288000,16.62
2012-03-22,1332374400,16.7
2012-03-23,1332460800,16.33
2012-03-24,1332547200,16.15
2012-03-25,1332633600,15.72
2012-03-26,1332720000,15.83
2012-03-27,1332806400,15.49
2012-03-28,1332892800,15.64
2012-03-29,1332979200,16.27
2012-03-30,1333065600,16.38
2012-03-31,1333152000,16.6
2012-04-01,1333238400,17.09
2012-04-02,1333324800,17.17
2012-04-03,1333411200,16.45
2012-04-04,1333497600,16.94
2012-04-05,1333584000,17.08
2012-04-06,1333670400,17.05
2012-04-07,1333756800,16.57
2012-04-08,1333843200,16.93
2012-04-09,1333929600,16.32
2012-04-10,1334016000,16.53
2012-04-11,1334102400,16.95
2012-04-12,1334188800,16.75
2012-04-13,1334275200,16.85
2012-04-14,1334361600,16.92
2012-04-15,1334448000,16.74
2012-04-16,1334534400,17.06
2012-04-17,1334620800,17.11
2012-04-18,1334707200,17.53
2012-04-19,1334793600,17.68
2012-04-20,1334880000,18.65
2012-04-21,1334966400,18.88
2012-04-22,1335052800,19.4
2012-04-23,1335139200,18.98
2012-04-24,1335225600,18.43
2012-04-25,1335312000,17.91
2012-04-26,1335398400,17.8
2012-04-27,1335484800,18.06
2012-04-28,1335571200,17.92
2012-04-29,1335657600,17.77
2012-04-30,1335744000,17.32
2012-05-01,1335830400,17.1
2012-05-02,1335916800,17.11
2012-05-03,1336003200,17.23
2012-05-04,1336089600,17.07
2012-05-05,1336176000,17.32
2012-05-06,1336262400,17.44
2012-05-07,1336348800,17.4
2012-05-08,1336435200,17.51
2012-05-09,1336521600,17.57
2012-05-10,1336608000,16.89
2012-05-11,1336694400,16.72
2012-05-12,1336780800,15.96
2012-05-13,1336867200,16.01
2012-05-14,1336953600,16.02
2012-05-15,1337040000,15.83
2012-05-16,1337126400,15.93
2012-05-17,1337212800,15.83
2012-05-18,1337299200,16.18
2012-05-19,1337385600,16.59
2012-05-20,1337472000,16.78
2012-05-21,1337558400,16.47
2012-05-22,1337644800,16.12
2012-05-23,1337731200,16.1
2012-05-24,1337817600,16.11
2012-05-25,1337904000,16.25
2012-05-26,1337990400,16.25
2012-05-27,1338076800,16.43
2012-05-28,1338163200,16.32
2012-05-29,1338249600,16.19
2012-05-30,1338336000,15.43
2012-05-31,1338422400,15.33
2012-06-01,1338508800,15.61
2012-06-02,1338595200,16.27
2012-06-03,1338681600,16.6
2012-06-04,1338768000,16.32
2012-06-05,1338854400,16.16
2012-06-06,1338940800,16.42
2012-06-07,1339027200,16.99
2012-06-08,1339113600,17.19
2012-06-09,1339200000,17.66
2012-06-10,1339286400,15.55
2012-06-11,1339372800,15.55
2012-06-12,1339459200,15.35
2012-06-13,1339545600,15.84
2012-06-14,1339632000,16.58
2012-06-15,1339718400,17.81
2012-06-16,1339804800,18.18
2012-06-17,1339891200,19.22
2012-06-18,1339977600,19.62
2012-06-19,1340064000,19.29
2012-06-20,1340150400,19.59
2012-06-21,1340236800,19.87
2012-06-22,1340323200,20.28
2012-06-23,1340409600,20.43
2012-06-24,1340496000,20.12
2012-06-25,1340582400,19.97
2012-06-26,1340668800,19.81
2012-06-27,1340755200,20.22
2012-06-28,1340841600,20.39
2012-06-29,1340928000,20.94
2012-06-30,1341014400,20.88
2012-07-01,1341100800,21.07
2012-07-02,1341187200,21.37
2012-07-03,1341273600,21.27
2012-07-04,1341360000,21.6
2012-07-05,1341446400,21.24
2012-07-06,1341532800,21.31
2012-07-07,1341619200,21.91
2012-07-08,1341705600,22.19
2012-07-09,1341792000,22.84
2012-07-10,1341878400,23.02
2012-07-11,1341964800,23.41
2012-07-12,1342051200,24.22
2012-07-13,1342137600,24.59
2012-07-14,1342224000,25.43
2012-07-15,1342310400,25.74
2012-07-16,1342396800,26.5
2012-07-17,1342483200,27.01
2012-07-18,1342569600,28.69
2012-07-19,1342656000,29.31
2012-07-20,1342742400,29.48
2012-07-21,1342828800,29.58
2012-07-22,1342915200,28.93
2012-07-23,1343001600,29.15
2012-07-24,1343088000,29.04
2012-07-25,1343174400,29.13
2012-07-26,1343260800,29.36
2012-07-27,1343347200,29.82
2012-07-28,1343433600,29.99
2012-07-29,1343520000,30.0
2012-07-30,1343606400,30.25
2012-07-31,1343692800,30.2
2012-08-01,1343779200,30.64
2012-08-02,1343865600,32.02
2012-08-03,1343952000,33.16
2012-08-04,1344038400,34.61
2012-08-05,1344124800,35.08
2012-08-06,1344211200,35.16
2012-08-07,1344297600,35.3
2012-08-08,1344384000,35.69
2012-08-09,1344470400,36.02
2012-08-10,1344556800,36.45
2012-08-11,1344643200,36.58
2012-08-12,1344729600,36.87
2012-08-13,1344816000,37.46
2012-08-14,1344902400,37.68
2012-08-15,1344988800,38.96
2012-08-16,1345075200,39.54
2012-08-17,1345161600,39.12
2012-08-18,1345248000,38.98
2012-08-19,1345334400,35.15
2012-08-20,1345420800,35.87
2012-08-21,1345507200,31.67
2012-08-22,1345593600,33.13
2012-08-23,1345680000,34.0
2012-08-24,1345766400,34.11
2012-08-25,1345852800,34.32
2012-08-26,1345939200,34.96
2012-08-27,1346025600,35.27
2012-08-28,1346112000,35.41
2012-08-29,1346198400,35.68
2012-08-30,1346284800,35.79
2012-08-31,1346371200,35.15
2012-09-01,1346457600,34.8
2012-09-02,1346544000,34.34
2012-09-03,1346630400,34.23
2012-09-04,1346716800,34.23
2012-09-05,1346803200,35.08
2012-09-06,1346889600,35.26
2012-09-07,1346976000,35.89
2012-09-08,1347062400,35.98
2012-09-09,1347148800,35.77
2012-09-10,1347235200,35.56
2012-09-11,1347321600,35.88
2012-09-12,1347408000,36.09
2012-09-13,1347494400,36.06
2012-09-14,1347580800,36.45
2012-09-15,1347667200,36.43
2012-09-16,1347753600,37.05
2012-09-17,1347840000,37.16
2012-09-18,1347926400,37.74
2012-09-19,1348012800,37.89
2012-09-20,1348099200,38.0
2012-09-21,1348185600,38.31
2012-09-22,1348272000,38.45
2012-09-23,1348358400,38.4
2012-09-24,1348444800,38.1
2012-09-25,1348531200,37.88
2012-09-26,1348617600,37.78
2012-09-27,1348704000,37.87
2012-09-28,1348790400,38.18
2012-09-29,1348876800,38.46
2012-09-30,1348963200,38.47
2012-10-01,1349049600,38.32
2012-10-02,1349136000,38.48
2012-10-03,1349222400,38.38
2012-10-04,1349308800,38.65
2012-10-05,1349395200,38.64
2012-10-06,1349481600,38.56
2012-10-07,1349568000,37.9
2012-10-08,1349654400,37.75
2012-10-09,1349740800,36.96
2012-10-10,1349827200,36.97
2012-10-11,1349913600,36.63
2012-10-12,1350000000,36.8
2012-10-13,1350086400,36.63
2012-10-14,1350172800,36.25
2012-10-15,1350259200,36.38
2012-10-16,1350345600,36.12
2012-10-17,1350432000,36.29
2012-10-18,1350518400,36.25
2012-10-19,1350604800,36.08
2012-10-20,1350691200,36.15
2012-10-21,1350777600,35.88
2012-10-22,1350864000,35.95
2012-10-23,1350950400,35.65
2012-10-24,1351036800,35.65
2012-10-25,1351123200,34.95
2012-10-26,1351209600,34.52
2012-10-27,1351296000,33.83
2012-10-28,1351382400,33.16
2012-10-29,1351468800,33.23
2012-10-30,1351555200,33.49
2012-10-31,1351641600,33.41
2012-11-01,1351728000,33.21
2012-11-02,1351814400,33.42
2012-11-03,1351900800,32.96
2012-11-04,1351987200,32.93
2012-11-05,1352073600,33.02
2012-11-06,1352160000,33.17
2012-11-07,1352246400,33.22
2012-11-08,1352332800,33.17
2012-11-09,1352419200,33.28
2012-11-10,1352505600,33.07
2012-11-11,1352592000,32.8
2012-11-12,1352678400,32.68
2012-11-13,1352764800,32.54
2012-11-14,1352851200,32.58
2012-11-15,1352937600,32.84
2012-11-16,1353024000,33.1
2012-11-17,1353110400,33.4
2012-11-18,1353196800,34.12
2012-11-19,1353283200,34.4
2012-11-20,1353369600,34.3
2012-11-21,1353456000,34.4
2012-11-22,1353542400,34.55
2012-11-23,1353628800,34.67
2012-11-24,1353715200,35.23
2012-11-25,1353801600,35.32
2012-11-26,1353888000,35.18
2012-11-27,1353974400,35.13
2012-11-28,1354060800,34.67
2012-11-29,1354147200,33.91
2012-11-30,1354233600,33.29
2012-12-01,1354320000,32.78
2012-12-02,1354406400,32.68
2012-12-03,1354492800,32.87
2012-12-04,1354579200,32.5
2012-12-05,1354665600,32.35
2012-12-06,1354752000,32.79
2012-12-07,1354838400,33.24
2012-12-08,1354924800,33.48
2012-12-09,1355011200,33.31
2012-12-10,1355097600,33.41
2012-12-11,1355184000,33.55
2012-12-12,1355270400,33.88
2012-12-13,1355356800,33.82
2012-12-14,1355443200,33.49
2012-12-15,1355529600,33.41
2012-12-16,1355616000,33.05
2012-12-17,1355702400,33.1
2012-12-18,1355788800,33.02
2012-12-19,1355875200,33.33
2012-12-20,1355961600,33.12
2012-12-21,1356048000,33.15
2012-12-22,1356134400,33.03
2012-12-23,1356220800,33.04
2012-12-24,1356307200,33.0
2012-12-25,1356393600,32.63
2012-12-26,1356480000,32.93
2012-12-27,1356566400,33.03
2012-12-28,1356652800,33.32
2012-12-29,1356739200,33.07
2012-12-30,1356825600,33.09
2012-12-31,1356912000,32.99
2013-01-01,1356998400,33.04
2013-01-02,1357084800,32.95
2013-01-03,1357171200,32.94
2013-01-04,1357257600,32.81
2013-01-05,1357344000,32.78
2013-01-06,1357430400,32.76
2013-01-07,1357516800,32.89
2013-01-08,1357603200,32.93
2013-01-09,1357689600,32.75
2013-01-10,1357776000,32.94
2013-01-11,1357862400,32.92
2013-01-12,1357948800,33.04
2013-01-13,1358035200,32.92
2013-01-14,1358121600,33.27
2013-01-15,1358208000,33.21
2013-01-16,1358294400,33.48
2013-01-17,1358380800,33.6
2013-01-18,1358467200,33.96
2013-01-19,1358553600,34.55
2013-01-20,1358640000,34.98
2013-01-21,1358726400,35.42
2013-01-22,1358812800,35.64
2013-01-23,1358899200,36.19
2013-01-24,1358985600,36.69
2013-01-25,1359072000,37.24
2013-01-26,1359158400,37.42
2013-01-27,1359244800,37.48
2013-01-28,1359331200,38.11
2013-01-29,1359417600,38.94
2013-01-30,1359504000,39.45
2013-01-31,1359590400,40.5
2013-02-01,1359676800,40.41
2013-02-02,1359763200,40.49
2013-02-03,1359849600,40.95
2013-02-04,1359936000,40.87
2013-02-05,1360022400,41.34
2013-02-06,1360108800,41.61
2013-02-07,1360195200,41.95
2013-02-08,1360281600,42.38
2013-02-09,1360368000,42.97
2013-02-10,1360454400,43.1
2013-02-11,1360540800,43.9
2013-02-12,1360627200,44.17
2013-02-13,1360713600,44.24
2013-02-14,1360800000,45.49
2013-02-15,1360886400,45.99
2013-02-16,1360972800,46.74
2013-02-17,1361059200,47.29
2013-02-18,1361145600,47.16
2013-02-19,1361232000,47.99
2013-02-20,1361318400,48.27
2013-02-21,1361404800,48.72
2013-02-22,1361491200,49.82
2013-02-23,1361577600,49.37
2013-02-24,1361664000,49.27
2013-02-25,1361750400,49.43
2013-02-26,1361836800,49.62
2013-02-27,1361923200,50.4
2013-02-28,1362009600,51.06
2013-03-01,1362096000,51.41
2013-03-02,1362182400,51.4
2013-03-03,1362268800,51.7
2013-03-04,1362355200,52.49
2013-03-05,1362441600,53.64
2013-03-06,1362528000,54.64
2013-03-07,1362614400,54.93
2013-03-08,1362700800,56.55
2013-03-09,1362787200,57.61
2013-03-10,1362873600,57.59
2013-03-11,1362960000,58.54
2013-03-12,1363046400,57.77
2013-03-13,1363132800,58.64
2013-03-14,1363219200,58.7
2013-03-15,1363305600,58.51
2013-03-16,1363392000,58.93
2013-03-17,1363478400,59.3
2013-03-18,1363564800,60.08
2013-03-19,1363651200,61.86
2013-03-20,1363737600,62.68
2013-03-21,1363824000,65.14
2013-03-22,1363910400,66.08
2013-03-23,1363996800,65.79
2013-03-24,1364083200,67.02
2013-03-25,1364169600,66.57
2013-03-26,1364256000,67.22
2013-03-27,1364342400,69.27
2013-03-28,1364428800,69.94
2013-03-29,1364515200,71.27
2013-03-30,1364601600,71.94
2013-03-31,1364688000,71.63
2013-04-01,1364774400,73.36
2013-04-02,1364860800,74.89
2013-04-03,1364947200,76.83
2013-04-04,1365033600,77.92
2013-04-05,1365120000,79.19
2013-04-06,1365206400,79.48
2013-04-07,1365292800,81.02
2013-04-08,1365379200,82.53
2013-04-09,1365465600,85.5
2013-04-10,1365552000,82.86
2013-04-11,1365638400,76.16
2013-04-12,1365724800,78.08
2013-04-13,1365811200,72.37
2013-04-14,1365897600,70.01
2013-04-15,1365984000,69.41
2013-04-16,1366070400,66.67
2013-04-17,1366156800,69.54
2013-04-18,1366243200,68.02
2013-04-19,1366329600,66.63
2013-04-20,1366416000,70.57
2013-04-21,1366502400,69.88
2013-04-22,1366588800,70.69
2013-04-23,1366675200,71.53
2013-04-24,1366761600,71.45
2013-04-25,1366848000,72.72
2013-04-26,1366934400,73.71
2013-04-27,1367020800,73.11
2013-04-28,1367107200,73.29
2013-04-29,1367193600,73.16
2013-04-30,1367280000,72.94
2013-05-01,1367366400,71.55
2013-05-02,1367452800,70.27
2013-05-03,1367539200,67.27
2013-05-04,1367625600,67.52
2013-05-05,1367712000,66.93
2013-05-06,1367798400,67.26
2013-05-07,1367884800,68.06
2013-05-08,1367971200,67.74
2013-05-09,1368057600,66.41
2013-05-10,1368144000,66.21
2013-05-11,1368230400,65.43
2013-05-12,1368316800,66.23
2013-05-13,1368403200,66.6
2013-05-14,1368489600,65.06
2013-05-15,1368576000,64.74
2013-05-16,1368662400,64.59
2013-05-17,1368748800,64.77
2013-05-18,1368835200,65.31
2013-05-19,1368921600,65.33
2013-05-20,1369008000,65.14
2013-05-21,1369094400,65.05
2013-05-22,1369180800,64.68
2013-05-23,1369267200,65.31
2013-05-24,1369353600,65.84
2013-05-25,1369440000,66.24
2013-05-26,1369526400,66.47
2013-05-27,1369612800,66.31
2013-05-28,1369699200,66.1
2013-05-29,1369785600,66.2
2013-05-30,1369872000,65.83
2013-05-31,1369958400,66.28
2013-06-01,1370044800,66.71
2013-06-02,1370131200,66.04
2013-06-03,1370217600,66.04
2013-06-04,1370304000,65.37
2013-06-05,1370390400,65.04
2013-06-06,1370476800,64.59
2013-06-07,1370563200,63.15
2013-06-08,1370649600,62.82
2013-06-09,1370736000,61.21
2013-06-10,1370822400,58.42
2013-06-11,1370908800,58.14
2013-06-12,1370995200,57.99
2013-06-13,1371081600,57.75
2013-06-14,1371168000,57.28
2013-06-15,1371254400,56.19
2013-06-16,1371340800,55.69
2013-06-17,1371427200,55.05
2013-06-18,1371513600,55.41
2013-06-19,1371600000,55.17
2013-06-20,1371686400,55.45
2013-06-21,1371772800,55.15
2013-06-22,1371859200,55.09
2013-06-23,1371945600,55.0
2013-06-24,1372032000,54.44
2013-06-25,1372118400,54.11
2013-06-26,1372204800,54.38
2013-06-27,1372291200,54.18
2013-06-28,1372377600,53.29
2013-06-29,1372464000,52.79
2013-06-30,1372550400,51.97
2013-07-01,1372636800,50.68
2013-07-02,1372723200,51.03
2013-07-03,1372809600,49.37
2013-07-04,1372896000,49.6
2013-07-05,1372982400,47.19
2013-07-06,1373068800,46.06
2013-07-07,1373155200,45.93
2013-07-08,1373241600,45.66
2013-07-09,1373328000,46.04
2013-07-10,1373414400,48.2
2013-07-11,1373500800,48.05
2013-07-12,1373587200,49.3
2013-07-13,1373673600,49.09
2013-07-14,1373760000,49.07
2013-07-15,1373846400,50.24
2013-07-16,1373932800,50.12
2013-07-17,1374019200,50.32
2013-07-18,1374105600,50.11
2013-07-19,1374192000,50.22
2013-07-20,1374278400,49.63
2013-07-21,1374364800,49.79
2013-07-22,1374451200,49.51
2013-07-23,1374537600,49.46
2013-07-24,1374624000,49.19
2013-07-25,1374710400,49.28
2013-07-26,1374796800,49.08
2013-07-27,1374883200,49.11
2013-07-28,1374969600,49.69
2013-07-29,1375056000,49.67
2013-07-30,1375142400,50.53
2013-07-31,1375228800,51.22
2013-08-01,1375315200,51.51
2013-08-02,1375401600,51.72
2013-08-03,1375488000,51.49
2013-08-04,1375574400,51.38
2013-08-05,1375660800,51.67
2013-08-06,1375747200,51.77
2013-08-07,1375833600,51.96
2013-08-08,1375920000,51.66
2013-08-09,1376006400,51.25
2013-08-10,1376092800,51.08
2013-08-11,1376179200,50.86
2013-08-12,1376265600,50.96
2013-08-13,1376352000,51.16
2013-08-14,1376438400,51.18
2013-08-15,1376524800,51.03
2013-08-16,1376611200,50.92
2013-08-17,1376697600,51.04
2013-08-18,1376784000,51.11
2013-08-19,1376870400,51.64
2013-08-20,1376956800,51.86
2013-08-21,1377043200,52.79
2013-08-22,1377129600,53.12
2013-08-23,1377216000,53.25
2013-08-24,1377302400,53.36
2013-08-25,1377388800,53.22
2013-08-26,1377475200,52.82
2013-08-27,1377561600,53.65
2013-08-28,1377648000,53.98
2013-08-29,1377734400,54.56
2013-08-30,1377820800,55.37
2013-08-31,1377907200,56.01
2013-09-01,1377993600,56.72
2013-09-02,1378080000,57.19
2013-09-03,1378166400,57.12
2013-09-04,1378252800,56.38
2013-09-05,1378339200,56.08
2013-09-06,1378425600,55.22
2013-09-07,1378512000,55.15
2013-09-08,1378598400,54.65
2013-09-09,1378684800,54.88
2013-09-10,1378771200,55.09
2013-09-11,1378857600,55.79
2013-09-12,1378944000,55.49
2013-09-13,1379030400,55.66
2013-09-14,1379116800,55.22
2013-09-15,1379203200,54.94
2013-09-16,1379289600,54.41
2013-09-17,1379376000,54.19
2013-09-18,1379462400,54.03
2013-09-19,1379548800,54.06
2013-09-20,1379635200,53.85
2013-09-21,1379721600,53.87
2013-09-22,1379808000,53.48
2013-09-23,1379894400,53.29
2013-09-24,1379980800,53.43
2013-09-25,1380067200,53.33
2013-09-26,1380153600,53.14
2013-09-27,1380240000,52.91
2013-09-28,1380326400,52.55
2013-09-29,1380412800,52.68
2013-09-30,1380499200,52.42
2013-10-01,1380585600,52.5
2013-10-02,1380672000,50.29
2013-10-03,1380758400,51.61
2013-10-04,1380844800,50.89
2013-10-05,1380931200,51.13
2013-10-06,1381017600,51.7
2013-10-07,1381104000,51.66
2013-10-08,1381190400,51.28
2013-10-09,1381276800,51.47
2013-10-10,1381363200,50.7
2013-10-11,1381449600,51.44
2013-10-12,1381536000,51.77
2013-10-13,1381622400,52.25
2013-10-14,1381708800,52.89
2013-10-15,1381795200,53.8
2013-10-16,1381881600,53.58
2013-10-17,1381968000,53.89
2013-10-18,1382054400,54.37
2013-10-19,1382140800,55.55
2013-10-20,1382227200,56.36
2013-10-21,1382313600,58.12
2013-10-22,1382400000,59.33
2013-10-23,1382486400,60.94
2013-10-24,1382572800,60.92
2013-10-25,1382659200,61.13
2013-10-26,1382745600,60.79
2013-10-27,1382832000,61.61
2013-10-28,1382918400,61.05
2013-10-29,1383004800,61.87
2013-10-30,1383091200,61.99
2013-10-31,1383177600,62.83
2013-11-01,1383264000,62.54
2013-11-02,1383350400,62.25
2013-11-03,1383436800,61.99
2013-11-04,1383523200,63.0
2013-11-05,1383609600,63.73
2013-11-06,1383696000,65.36
2013-11-07,1383782400,66.71
2013-11-08,1383868800,68.77
2013-11-09,1383955200,69.62
2013-11-10,1384041600,70.71
2013-11-11,1384128000,72.19
2013-11-12,1384214400,73.18
2013-11-13,1384300800,74.61
2013-11-14,1384387200,75.82
2013-11-15,1384473600,76.34
2013-11-16,1384560000,78.23
2013-11-17,1384646400,79.44
2013-11-18,1384732800,82.92
2013-11-19,1384819200,81.65
2013-11-20,1384905600,83.62
2013-11-21,1384992000,87.12
2013-11-22,1385078400,88.37
2013-11-23,1385164800,89.43
2013-11-24,1385251200,90.59
2013-11-25,1385337600,91.55
2013-11-26,1385424000,93.96
2013-11-27,1385510400,93.58
2013-11-28,1385596800,94.84
2013-11-29,1385683200,97.07
2013-11-30,1385769600,97.59
2013-12-01,1385856000,96.4
2013-12-02,1385942400,96.75
2013-12-03,1386028800,96.34
2013-12-04,1386115200,96.57
2013-12-05,1386201600,95.72
2013-12-06,1386288000,93.17
2013-12-07,1386374400,91.06
2013-12-08,1386460800,90.4
2013-12-09,1386547200,89.38
2013-12-10,1386633600,90.37
2013-12-11,1386720000,89.61
2013-12-12,1386806400,90.15
2013-12-13,1386892800,89.0
2013-12-14,1386979200,87.06
2013-12-15,1387065600,86.05
2013-12-16,1387152000,83.61
2013-12-17,1387238400,83.78
2013-12-18,1387324800,79.96
2013-12-19,1387411200,81.18
2013-12-20,1387497600,78.11
2013-12-21,1387584000,78.06
2013-12-22,1387670400,78.07
2013-12-23,1387756800,78.3
2013-12-24,1387843200,77.37
2013-12-25,1387929600,78.09
2013-12-26,1388016000,78.15
2013-12-27,1388102400,79.32
2013-12-28,1388188800,78.83
2013-12-29,1388275200,78.91
2013-12-30,1388361600,78.57
2013-12-31,1388448000,78.68
2014-01-01,1388534400,79.08
2014-01-02,1388620800,79.21
2014-01-03,1388707200,79.63
2014-01-04,1388793600,79.5
2014-01-05,1388880000,81.03
2014-01-06,1388966400,81.8
2014-01-07,1389052800,81.04
2014-01-08,1389139200,81.23
2014-01-09,1389225600,80.93
2014-01-10,1389312000,81.15
2014-01-11,1389398400,81.81
2014-01-12,1389484800,81.17
2014-01-13,1389571200,80.98
2014-01-14,1389657600,80.33
2014-01-15,1389744000,79.35
2014-01-16,1389830400,78.93
2014-01-17,1389916800,78.43
2014-01-18,1390003200,78.54
2014-01-19,1390089600,78.66
2014-01-20,1390176000,78.35
2014-01-21,1390262400,78.03
2014-01-22,1390348800,77.88
2014-01-23,1390435200,77.44
2014-01-24,1390521600,76.71
2014-01-25,1390608000,76.33
2014-01-26,1390694400,76.1
2014-01-27,1390780800,74.94
2014-01-28,1390867200,75.44
2014-01-29,1390953600,74.89
2014-01-30,1391040000,74.72
2014-01-31,1391126400,75.06
2014-02-01,1391212800,75.24
2014-02-02,1391299200,75.18
2014-02-03,1391385600,75.11
2014-02-04,1391472000,74.37
2014-02-05,1391558400,73.93
2014-02-06,1391644800,73.46
2014-02-07,1391731200,72.78
2014-02-08,1391817600,71.85
2014-02-09,1391904000,71.23
2014-02-10,1391990400,70.59
2014-02-11,1392076800,67.88
2014-02-12,1392163200,67.83
2014-02-13,1392249600,66.77
2014-02-14,1392336000,67.09
2014-02-15,1392422400,65.8
2014-02-16,1392508800,65.21
2014-02-17,1392595200,65.17
2014-02-18,1392681600,64.5
2014-02-19,1392768000,63.9
2014-02-20,1392854400,62.65
2014-02-21,1392940800,62.3
2014-02-22,1393027200,62.22
2014-02-23,1393113600,61.78
2014-02-24,1393200000,60.73
2014-02-25,1393286400,60.37
2014-02-26,1393372800,60.87
2014-02-27,1393459200,60.48
2014-02-28,1393545600,59.91
2014-03-01,1393632000,60.38
2014-03-02,1393718400,59.69
2014-03-03,1393804800,61.7
2014-03-04,1393891200,61.29
2014-03-05,1393977600,62.46
2014-03-06,1394064000,63.69
2014-03-07,1394150400,62.9
2014-03-08,1394236800,62.26
2014-03-09,1394323200,62.45
2014-03-10,1394409600,61.54
2014-03-11,1394496000,62.64
2014-03-12,1394582400,62.45
2014-03-13,1394668800,62.38
2014-03-14,1394755200,61.73
2014-03-15,1394841600,61.36
2014-03-16,1394928000,61.08
2014-03-17,1395014400,61.02
2014-03-18,1395100800,60.45
2014-03-19,1395187200,59.96
2014-03-20,1395273600,59.36
2014-03-21,1395360000,59.06
2014-03-22,1395446400,58.44
2014-03-23,1395532800,57.99
2014-03-24,1395619200,57.59
2014-03-25,1395705600,57.22
2014-03-26,1395792000,56.87
2014-03-27,1395878400,54.55
2014-03-28,1395964800,54.32
2014-03-29,1396051200,52.48
2014-03-30,1396137600,50.81
2014-03-31,1396224000,50.31
2014-04-01,1396310400,50.35
2014-04-02,1396396800,49.4
2014-04-03,1396483200,49.91
2014-04-04,1396569600,48.46
2014-04-05,1396656000,48.6
2014-04-06,1396742400,47.35
2014-04-07,1396828800,46.86
2014-04-08,1396915200,46.57
2014-04-09,1397001600,46.22
2014-04-10,1397088000,43.42
2014-04-11,1397174400,45.1
2014-04-12,1397260800,43.51
2014-04-13,1397347200,44.37
2014-04-14,1397433600,45.84
2014-04-15,1397520000,47.16
2014-04-16,1397606400,48.14
2014-04-17,1397692800,48.6
2014-04-18,1397779200,47.58
2014-04-19,1397865600,48.57
2014-04-20,1397952000,48.0
2014-04-21,1398038400,47.99
2014-04-22,1398124800,48.34
2014-04-23,1398211200,48.62
2014-04-24,1398297600,48.43
2014-04-25,1398384000,47.17
2014-04-26,1398470400,46.66
2014-04-27,1398556800,45.71
2014-04-28,1398643200,44.91
2014-04-29,1398729600,44.42
2014-04-30,1398816000,43.76
2014-05-01,1398902400,44.29
2014-05-02,1398988800,43.9
2014-05-03,1399075200,43.22
2014-05-04,1399161600,42.63
2014-05-05,1399248000,41.47
2014-05-06,1399334400,41.5
2014-05-07,1399420800,41.69
2014-05-08,1399507200,41.67
2014-05-09,1399593600,42.14
2014-05-10,1399680000,42.26
2014-05-11,1399766400,41.29
2014-05-12,1399852800,41.23
2014-05-13,1399939200,40.54
2014-05-14,1400025600,40.36
2014-05-15,1400112000,40.47
2014-05-16,1400198400,40.75
2014-05-17,1400284800,41.06
2014-05-18,1400371200,41.0
2014-05-19,1400457600,40.53
2014-05-20,1400544000,41.49
2014-05-21,1400630400,41.57
2014-05-22,1400716800,43.25
2014-05-23,1400803200,43.46
2014-05-24,1400889600,43.7
2014-05-25,1400976000,44.8
2014-05-26,1401062400,45.61
2014-05-27,1401148800,45.87
2014-05-28,1401235200,46.87
2014-05-29,1401321600,46.52
2014-05-30,1401408000,47.95
2014-05-31,1401494400,47.78
2014-06-01,1401580800,48.61
2014-06-02,1401667200,50.13
2014-06-03,1401753600,50.6
2014-06-04,1401840000,50.31
2014-06-05,1401926400,50.4
2014-06-06,1402012800,49.54
2014-06-07,1402099200,49.82
2014-06-08,1402185600,49.61
2014-06-09,1402272000,49.49
2014-06-10,1402358400,49.75
2014-06-11,1402444800,49.35
2014-06-12,1402531200,48.39
2014-06-13,1402617600,48.31
2014-06-14,1402704000,47.71
2014-06-15,1402790400,47.84
2014-06-16,1402876800,47.72
2014-06-17,1402963200,47.99
2014-06-18,1403049600,47.77
2014-06-19,1403136000,47.2
2014-06-20,1403222400,46.58
2014-06-21,1403308800,45.92
2014-06-22,1403395200,45.08
2014-06-23,1403481600,44.84
2014-06-24,1403568000,44.58
2014-06-25,1403654400,44.34
2014-06-26,1403740800,44.56
2014-06-27,1403827200,44.54
2014-06-28,1403913600,44.47
2014-06-29,1404000000,44.78
2014-06-30,1404086400,45.07
2014-07-01,1404172800,44.72
2014-07-02,1404259200,44.95
2014-07-03,1404345600,45.01
2014-07-04,1404432000,45.69
2014-07-05,1404518400,45.86
2014-07-06,1404604800,45.61
2014-07-07,1404691200,45.15
2014-07-08,1404777600,45.38
2014-07-09,1404864000,45.35
2014-07-10,1404950400,44.94
2014-07-11,1405036800,44.58
2014-07-12,1405123200,44.17
2014-07-13,1405209600,44.19
2014-07-14,1405296000,43.87
2014-07-15,1405382400,43.67
2014-07-16,1405468800,43.14
2014-07-17,1405555200,43.45
2014-07-18,1405641600,43.49
2014-07-19,1405728000,43.91
2014-07-20,1405814400,43.83
2014-07-21,1405900800,43.54
2014-07-22,1405987200,43.13
2014-07-23,1406073600,43.04
2014-07-24,1406160000,42.5
2014-07-25,1406246400,42.6
2014-07-26,1406332800,42.2
2014-07-27,1406419200,42.0
2014-07-28,1406505600,41.53
2014-07-29,1406592000,41.44
2014-07-30,1406678400,40.98
2014-07-31,1406764800,41.19
2014-08-01,1406851200,41.11
2014-08-02,1406937600,40.94
2014-08-03,1407024000,41.21
2014-08-04,1407110400,40.94
2014-08-05,1407196800,40.42
2014-08-06,1407283200,40.4
2014-08-07,1407369600,40.72
2014-08-08,1407456000,41.11
2014-08-09,1407542400,41.34
2014-08-10,1407628800,41.38
2014-08-11,1407715200,40.99
2014-08-12,1407801600,40.75
2014-08-13,1407888000,39.68
2014-08-14,1407974400,38.06
2014-08-15,1408060800,37.38
2014-08-16,1408147200,37.22
2014-08-17,1408233600,36.22
2014-08-18,1408320000,35.91
2014-08-19,1408406400,36.0
2014-08-20,1408492800,36.03
2014-08-21,1408579200,35.78
2014-08-22,1408665600,35.55
2014-08-23,1408752000,35.33
2014-08-24,1408838400,35.51
2014-08-25,1408924800,34.79
2014-08-26,1409011200,34.72
2014-08-27,1409097600,34.95
2014-08-28,1409184000,35.53
2014-08-29,1409270400,35.61
2014-08-30,1409356800,35.82
2014-08-31,1409443200,35.22
2014-09-01,1409529600,34.67
2014-09-02,1409616000,33.82
2014-09-03,1409702400,33.48
2014-09-04,1409788800,33.96
2014-09-05,1409875200,33.6
2014-09-06,1409961600,33.32
2014-09-07,1410048000,32.95
2014-09-08,1410134400,32.18
2014-09-09,1410220800,31.94
2014-09-10,1410307200,31.74
2014-09-11,1410393600,31.95
2014-09-12,1410480000,32.24
2014-09-13,1410566400,32.33
2014-09-14,1410652800,32.1
2014-09-15,1410739200,31.92
2014-09-16,1410825600,31.38
2014-09-17,1410912000,31.26
2014-09-18,1410998400,30.21
2014-09-19,1411084800,28.78
2014-09-20,1411171200,28.43
2014-09-21,1411257600,27.06
2014-09-22,1411344000,27.21
2014-09-23,1411430400,27.87
2014-09-24,1411516800,27.16
2014-09-25,1411603200,27.57
2014-09-26,1411689600,26.81
2014-09-27,1411776000,25.35
2014-09-28,1411862400,24.09
2014-09-29,1411948800,23.31
2014-09-30,1412035200,23.15
2014-10-01,1412121600,23.48
2014-10-02,1412208000,23.3
2014-10-03,1412294400,22.43
2014-10-04,1412380800,20.76
2014-10-05,1412467200,20.2
2014-10-06,1412553600,18.91
2014-10-07,1412640000,18.53
2014-10-08,1412726400,19.71
2014-10-09,1412812800,20.04
2014-10-10,1412899200,20.73
2014-10-11,1412985600,21.1
2014-10-12,1413072000,20.95
2014-10-13,1413158400,21.3
2014-10-14,1413244800,21.93
2014-10-15,1413331200,22.38
2014-10-16,1413417600,22.61
2014-10-17,1413504000,22.75
2014-10-18,1413590400,22.52
2014-10-19,1413676800,22.17
2014-10-20,1413763200,22.28
2014-10-21,1413849600,22.36
2014-10-22,1413936000,21.88
2014-10-23,1414022400,20.87
2014-10-24,1414108800,20.43
2014-10-25,1414195200,19.19
2014-10-26,1414281600,19.02
2014-10-27,1414368000,18.45
2014-10-28,1414454400,18.34
2014-10-29,1414540800,17.88
2014-10-30,1414627200,18.3
2014-10-31,1414713600,17.27
2014-11-01,1414800000,16.88
2014-11-02,1414886400,16.69
2014-11-03,1414972800,16.14
2014-11-04,1415059200,16.08
2014-11-05,1415145600,16.3
2014-11-06,1415232000,16.39
2014-11-07,1415318400,16.6
2014-11-08,1415404800,17.13
2014-11-09,1415491200,17.06
2014-11-10,1415577600,17.11
2014-11-11,1415664000,17.63
2014-11-12,1415750400,19.65
2014-11-13,1415836800,19.94
2014-11-14,1415923200,21.15
2014-11-15,1416009600,21.24
2014-11-16,1416096000,20.95
2014-11-17,1416182400,20.27
2014-11-18,1416268800,20.02
2014-11-19,1416355200,19.96
2014-11-20,1416441600,19.41
2014-11-21,1416528000,18.8
2014-11-22,1416614400,17.39
2014-11-23,1416700800,16.67
2014-11-24,1416787200,17.22
2014-11-25,1416873600,17.25
2014-11-26,1416960000,17.01
2014-11-27,1417046400,17.1
2014-11-28,1417132800,16.81
2014-11-29,1417219200,16.65
2014-11-30,1417305600,18.16
2014-12-01,1417392000,18.3
2014-12-02,1417478400,18.52
2014-12-03,1417564800,18.01
2014-12-04,1417651200,18.11
2014-12-05,1417737600,18.31
2014-12-06,1417824000,18.51
2014-12-07,1417910400,18.05
2014-12-08,1417996800,17.67
2014-12-09,1418083200,17.25
2014-12-10,1418169600,17.28
2014-12-11,1418256000,16.12
2014-12-12,1418342400,16.38
2014-12-13,1418428800,16.29
2014-12-14,1418515200,16.49
2014-12-15,1418601600,16.07
2014-12-16,1418688000,15.25
2014-12-17,1418774400,13.92
2014-12-18,1418860800,12.51
2014-12-19,1418947200,12.12
2014-12-20,1419033600,12.35
2014-12-21,1419120000,12.12
2014-12-22,1419206400,13.3
2014-12-23,1419292800,13.31
2014-12-24,1419379200,12.96
2014-12-25,1419465600,12.83
2014-12-26,1419552000,12.82
2014-12-27,1419638400,12.06
2014-12-28,1419724800,12.66
2014-12-29,1419811200,12.09
2014-12-30,1419897600,12.06
2014-12-31,1419984000,12.25
2015-01-01,1420070400,11.76
2015-01-02,1420156800,12.14
2015-01-03,1420243200,11.1
2015-01-04,1420329600,9.77
2015-01-05,1420416000,8.94
2015-01-06,1420502400,8.06
2015-01-07,1420588800,8.87
2015-01-08,1420675200,9.07
2015-01-09,1420761600,9.54
2015-01-10,1420848000,8.46
2015-01-11,1420934400,7.96
2015-01-12,1421020800,6.79
2015-01-13,1421107200,4.19
2015-01-14,1421193600,1.22
2015-01-15,1421280000,1.75
2015-01-16,1421366400,1.49
2015-01-17,1421452800,1.06
2015-01-18,1421539200,1.65
2015-01-19,1421625600,2.02
2015-01-20,1421712000,1.66
2015-01-21,1421798400,2.5
2015-01-22,1421884800,2.79
2015-01-23,1421971200,2.94
2015-01-24,1422057600,3.57
2015-01-25,1422144000,3.82
2015-01-26,1422230400,5.29
2015-01-27,1422316800,5.47
2015-01-28,1422403200,5.7
2015-01-29,1422489600,5.13
2015-01-30,1422576000,3.24
2015-01-31,1422662400,2.59
2015-02-01,1422748800,2.97
2015-02-02,1422835200,3.81
2015-02-03,1422921600,2.97
2015-02-04,1423008000,3.04
2015-02-05,1423094400,2.35
2015-02-06,1423180800,3.01
2015-02-07,1423267200,3.31
2015-02-08,1423353600,2.9
2015-02-09,1423440000,2.61
2015-02-10,1423526400,2.45
2015-02-11,1423612800,2.58
2015-02-12,1423699200,2.37
2015-02-13,1423785600,3.13
2015-02-14,1423872000,4.28
2015-02-15,1423958400,3.51
2015-02-16,1424044800,4.73
2015-02-17,1424131200,3.87
2015-02-18,1424217600,3.73
2015-02-19,1424304000,4.5
2015-02-20,1424390400,4.32
2015-02-21,1424476800,4.5
2015-02-22,1424563200,4.13
2015-02-23,1424649600,4.08
2015-02-24,1424736000,3.49
2015-02-25,1424822400,3.62
2015-02-26,1424908800,3.67
2015-02-27,1424995200,4.67
2015-02-28,1425081600,4.55
2015-03-01,1425168000,5.75
2015-03-02,1425254400,6.53
2015-03-03,1425340800,7.42
2015-03-04,1425427200,8.14
2015-03-05,1425513600,8.44
2015-03-06,1425600000,7.62
2015-03-07,1425686400,7.94
2015-03-08,1425772800,7.9
2015-03-09,1425859200,8.72
2015-03-10,1425945600,8.92
2015-03-11,1426032000,10.07
2015-03-12,1426118400,10.03
2015-03-13,1426204800,9.81
2015-03-14,1426291200,9.37
2015-03-15,1426377600,9.03
2015-03-16,1426464000,9.01
2015-03-17,1426550400,8.97
2015-03-18,1426636800,8.03
2015-03-19,1426723200,7.72
2015-03-20,1426809600,5.92
2015-03-21,1426896000,6.2
2015-03-22,1426982400,6.66
2015-03-23,1427068800,6.55
2015-03-24,1427155200,6.32
2015-03-25,1427241600,6.23
2015-03-26,1427328000,5.07
2015-03-27,1427414400,4.96
2015-03-28,1427500800,5.29
2015-03-29,1427587200,4.73
2015-03-30,1427673600,5.04
2015-03-31,1427760000,4.33
2015-04-01,1427846400,4.56
2015-04-02,1427932800,4.87
2015-04-03,1428019200,5.1
2015-04-04,1428105600,5.61
2015-04-05,1428192000,5.9
2015-04-06,1428278400,5.46
2015-04-07,1428364800,5.89
2015-04-08,1428451200,4.87
2015-04-09,1428537600,4.68
2015-04-10,1428624000,3.72
2015-04-11,1428710400,3.79
2015-04-12,1428796800,3.29
2015-04-13,1428883200,2.87
2015-04-14,1428969600,2.68
2015-04-15,1429056000,2.35
2015-04-16,1429142400,2.38
2015-04-17,1429228800,2.03
2015-04-18,1429315200,2.28
2015-04-19,1429401600,2.32
2015-04-20,1429488000,2.63
2015-04-21,1429574400,3.07
2015-04-22,1429660800,3.15
2015-04-23,1429747200,3.36
2015-04-24,1429833600,2.89
2015-04-25,1429920000,2.91
2015-04-26,1430006400,2.54
2015-04-27,1430092800,2.76
2015-04-28,1430179200,2.63
2015-04-29,1430265600,2.51
2015-04-30,1430352000,2.85
2015-05-01,1430438400,2.75
2015-05-02,1430524800,3.47
2015-05-03,1430611200,3.51
2015-05-04,1430697600,3.5
2015-05-05,1430784000,3.79
2015-05-06,1430870400,3.65
2015-05-07,1430956800,3.87
2015-05-08,1431043200,3.76
2015-05-09,1431129600,3.98
2015-05-10,1431216000,4.26
2015-05-11,1431302400,4.31
2015-05-12,1431388800,4.42
2015-05-13,1431475200,4.64
2015-05-14,1431561600,4.62
2015-05-15,1431648000,4.32
2015-05-16,1431734400,4.07
2015-05-17,1431820800,4.29
2015-05-18,1431907200,4.05
2015-05-19,1431993600,4.09
2015-05-20,1432080000,3.75
2015-05-21,1432166400,3.89
2015-05-22,1432252800,4.32
2015-05-23,1432339200,4.11
2015-05-24,1432425600,4.41
2015-05-25,1432512000,4.29
2015-05-26,1432598400,4.72
2015-05-27,1432684800,4.49
2015-05-28,1432771200,4.44
2015-05-29,1432857600,4.57
2015-05-30,1432944000,4.45
2015-05-31,1433030400,4.48
2015-06-01,1433116800,3.89
2015-06-02,1433203200,3.89
2015-06-03,1433289600,3.71
2015-06-04,1433376000,3.78
2015-06-05,1433462400,3.74
2015-06-06,1433548800,4.07
2015-06-07,1433635200,4.12
2015-06-08,1433721600,4.5
2015-06-09,1433808000,4.37
2015-06-10,1433894400,4.73
2015-06-11,1433980800,4.64
2015-06-12,1434067200,4.57
2015-06-13,1434153600,4.72
2015-06-14,1434240000,4.88
2015-06-15,1434326400,5.29
2015-06-16,1434412800,5.45
2015-06-17,1434499200,5.8
2015-06-18,1434585600,6.91
2015-06-19,1434672000,6.81
2015-06-20,1434758400,6.73
2015-06-21,1434844800,6.13
2015-06-22,1434931200,6.34
2015-06-23,1435017600,6.27
2015-06-24,1435104000,6.62
2015-06-25,1435190400,6.51
2015-06-26,1435276800,6.49
2015-06-27,1435363200,6.68
2015-06-28,1435449600,6.62
2015-06-29,1435536000,7.37
2015-06-30,1435622400,7.61
2015-07-01,1435708800,8.02
2015-07-02,1435795200,8.55
2015-07-03,1435881600,8.31
2015-07-04,1435968000,8.39
2015-07-05,1436054400,8.8
2015-07-06,1436140800,9.29
2015-07-07,1436227200,9.84
2015-07-08,1436313600,9.99
2015-07-09,1436400000,9.45
2015-07-10,1436486400,10.44
2015-07-11,1436572800,10.75
2015-07-12,1436659200,12.59
2015-07-13,1436745600,12.39
2015-07-14,1436832000,13.08
2015-07-15,1436918400,12.11
2015-07-16,1437004800,11.51
2015-07-17,1437091200,11.48
2015-07-18,1437177600,10.95
2015-07-19,1437264000,11.18
2015-07-20,1437350400,11.23
2015-07-21,1437436800,10.89
2015-07-22,1437523200,11.24
2015-07-23,1437609600,10.97
2015-07-24,1437696000,11.8
2015-07-25,1437782400,11.84
2015-07-26,1437868800,12.82
2015-07-27,1437955200,12.77
2015-07-28,1438041600,12.92
2015-07-29,1438128000,12.95
2015-07-30,1438214400,12.85
2015-07-31,1438300800,12.58
2015-08-01,1438387200,12.45
2015-08-02,1438473600,12.43
2015-08-03,1438560000,12.33
2015-08-04,1438646400,12.35
2015-08-05,1438732800,12.15
2015-08-06,1438819200,12.18
2015-08-07,1438905600,12.05
2015-08-08,1438992000,11.58
2015-08-09,1439078400,11.7
2015-08-10,1439164800,10.72
2015-08-11,1439251200,11.41
2015-08-12,1439337600,11.14
2015-08-13,1439424000,11.36
2015-08-14,1439510400,11.05
2015-08-15,1439596800,10.83
2015-08-16,1439683200,10.8
2015-08-17,1439769600,10.53
2015-08-18,1439856000,9.0
2015-08-19,1439942400,9.26
2015-08-20,1440028800,7.35
2015-08-21,1440115200,7.82
2015-08-22,1440201600,8.3
2015-08-23,1440288000,7.96
2015-08-24,1440374400,7.14
2015-08-25,1440460800,7.15
2015-08-26,1440547200,7.14
2015-08-27,1440633600,7.16
2015-08-28,1440720000,7.87
2015-08-29,1440806400,7.78
2015-08-30,1440892800,8.33
2015-08-31,1440979200,8.3
2015-09-01,1441065600,8.14
2015-09-02,1441152000,8.4
2015-09-03,1441238400,8.09
2015-09-04,1441324800,8.36
2015-09-05,1441411200,8.33
2015-09-06,1441497600,8.79
2015-09-07,1441584000,9.09
2015-09-08,1441670400,9.43
2015-09-09,1441756800,9.32
2015-09-10,1441843200,9.74
2015-09-11,1441929600,9.63
2015-09-12,1442016000,9.4
2015-09-13,1442102400,9.17
2015-09-14,1442188800,8.86
2015-09-15,1442275200,8.74
2015-09-16,1442361600,8.66
2015-09-17,1442448000,8.73
2015-09-18,1442534400,8.59
2015-09-19,1442620800,8.67
2015-09-20,1442707200,8.51
2015-09-21,1442793600,8.17
2015-09-22,1442880000,8.54
2015-09-23,1442966400,8.54
2015-09-24,1443052800,9.03
2015-09-25,1443139200,9.16
2015-09-26,1443225600,9.31
2015-09-27,1443312000,9.44
2015-09-28,1443398400,9.46
2015-09-29,1443484800,9.56
2015-09-30,1443571200,9.94
2015-10-01,1443657600,9.91
2015-10-02,1443744000,9.6
2015-10-03,1443830400,9.75
2015-10-04,1443916800,9.79
2015-10-05,1444003200,10.08
2015-10-06,1444089600,10.27
2015-10-07,1444176000,10.13
2015-10-08,1444262400,10.48
2015-10-09,1444348800,10.14
2015-10-10,1444435200,10.4
2015-10-11,1444521600,10.68
2015-10-12,1444608000,10.89
2015-10-13,1444694400,11.06
2015-10-14,1444780800,11.06
2015-10-15,1444867200,11.68
2015-10-16,1444953600,12.24
2015-10-17,1445040000,12.55
2015-10-18,1445126400,12.76
2015-10-19,1445212800,13.56
2015-10-20,1445299200,13.11
2015-10-21,1445385600,13.13
2015-10-22,1445472000,13.65
2015-10-23,1445558400,13.8
2015-10-24,1445644800,14.48
2015-10-25,1445731200,14.85
2015-10-26,1445817600,15.33
2015-10-27,1445904000,15.76
2015-10-28,1445990400,15.96
2015-10-29,1446076800,16.71
2015-10-30,1446163200,17.79
2015-10-31,1446249600,18.09
2015-11-01,1446336000,19.12
2015-11-02,1446422400,19.14
2015-11-03,1446508800,21.28
2015-11-04,1446595200,23.19
2015-11-05,1446681600,24.09
2015-11-06,1446768000,24.04
2015-11-07,1446854400,23.88
2015-11-08,1446940800,22.68
2015-11-09,1447027200,23.39
2015-11-10,1447113600,21.89
2015-11-11,1447200000,21.5
2015-11-12,1447286400,20.29
2015-11-13,1447372800,18.8
2015-11-14,1447459200,19.62
2015-11-15,1447545600,19.26
2015-11-16,1447632000,19.41
2015-11-17,1447718400,18.98
2015-11-18,1447804800,19.55
2015-11-19,1447891200,19.24
2015-11-20,1447977600,19.25
2015-11-21,1448064000,19.04
2015-11-22,1448150400,19.1
2015-11-23,1448236800,19.28
2015-11-24,1448323200,18.96
2015-11-25,1448409600,18.98
2015-11-26,1448496000,19.64
2015-11-27,1448582400,20.11
2015-11-28,1448668800,21.43
2015-11-29,1448755200,21.72
2015-11-30,1448841600,22.06
2015-12-01,1448928000,22.56
2015-12-02,1449014400,22.92
2015-12-03,1449100800,22.22
2015-12-04,1449187200,22.14
2015-12-05,1449273600,22.98
2015-12-06,1449360000,23.4
2015-12-07,1449446400,24.57
2015-12-08,1449532800,25.52
2015-12-09,1449619200,25.93
2015-12-10,1449705600,26.96
2015-12-11,1449792000,28.49
2015-12-12,1449878400,28.03
2015-12-13,1449964800,28.8
2015-12-14,1450051200,29.08
2015-12-15,1450137600,29.62
2015-12-16,1450224000,29.92
2015-12-17,1450310400,30.53
2015-12-18,1450396800,30.47
2015-12-19,1450483200,30.36
2015-12-20,1450569600,30.09
2015-12-21,1450656000,29.74
2015-12-22,1450742400,28.99
2015-12-23,1450828800,28.82
2015-12-24,1450915200,28.98
2015-12-25,1451001600,29.33
2015-12-26,1451088000,28.84
2015-12-27,1451174400,29.53
2015-12-28,1451260800,28.1
2015-12-29,1451347200,28.08
2015-12-30,1451433600,27.64
2015-12-31,1451520000,27.88
2016-01-01,1451606400,27.64
2016-01-02,1451692800,27.52
2016-01-03,1451779200,27.51
2016-01-04,1451865600,27.95
2016-01-05,1451952000,27.89
2016-01-06,1452038400,27.81
2016-01-07,1452124800,28.43
2016-01-08,1452211200,28.49
2016-01-09,1452297600,29.45
2016-01-10,1452384000,29.86
2016-01-11,1452470400,29.76
2016-01-12,1452556800,29.73
2016-01-13,1452643200,29.31
2016-01-14,1452729600,28.72
2016-01-15,1452816000,26.6
2016-01-16,1452902400,26.58
2016-01-17,1452988800,24.23
2016-01-18,1453075200,25.37
2016-01-19,1453161600,24.88
2016-01-20,1453248000,25.81
2016-01-21,1453334400,25.11
2016-01-22,1453420800,26.53
2016-01-23,1453507200,26.64
2016-01-24,1453593600,26.22
2016-01-25,1453680000,26.11
2016-01-26,1453766400,26.71
2016-01-27,1453852800,26.36
2016-01-28,1453939200,25.99
2016-01-29,1454025600,26.17
2016-01-30,1454112000,25.72
2016-01-31,1454198400,25.88
2016-02-01,1454284800,25.8
2016-02-02,1454371200,25.31
2016-02-03,1454457600,25.48
2016-02-04,1454544000,26.09
2016-02-05,1454630400,25.85
2016-02-06,1454716800,26.68
2016-02-07,1454803200,26.49
2016-02-08,1454889600,25.71
2016-02-09,1454976000,25.6
2016-02-10,1455062400,25.37
2016-02-11,1455148800,25.77
2016-02-12,1455235200,26.06
2016-02-13,1455321600,26.14
2016-02-14,1455408000,26.4
2016-02-15,1455494400,26.44
2016-02-16,1455580800,27.1
2016-02-17,1455667200,27.09
2016-02-18,1455753600,27.8
2016-02-19,1455840000,28.22
2016-02-20,1455926400,28.83
2016-02-21,1456012800,28.52
2016-02-22,1456099200,29.05
2016-02-23,1456185600,28.73
2016-02-24,1456272000,28.58
2016-02-25,1456358400,28.16
2016-02-26,1456444800,28.25
2016-02-27,1456531200,28.66
2016-02-28,1456617600,28.72
2016-02-29,1456704000,28.86
2016-03-01,1456790400,28.76
2016-03-02,1456876800,29.0
2016-03-03,1456963200,28.98
2016-03-04,1457049600,28.46
2016-03-05,1457136000,28.0
2016-03-06,1457222400,27.9
2016-03-07,1457308800,27.56
2016-03-08,1457395200,27.85
2016-03-09,1457481600,28.37
2016-03-10,1457568000,28.46
2016-03-11,1457654400,28.63
2016-03-12,1457740800,28.43
2016-03-13,1457827200,28.33
2016-03-14,1457913600,27.84
2016-03-15,1458000000,27.99
2016-03-16,1458086400,28.2
2016-03-17,1458172800,28.18
2016-03-18,1458259200,27.8
2016-03-19,1458345600,27.68
2016-03-20,1458432000,27.3
2016-03-21,1458518400,27.3
2016-03-22,1458604800,27.59
2016-03-23,1458691200,27.6
2016-03-24,1458777600,27.76
2016-03-25,1458864000,27.81
2016-03-26,1458950400,27.78
2016-03-27,1459036800,28.05
2016-03-28,1459123200,28.3
2016-03-29,1459209600,28.56
2016-03-30,1459296000,28.51
2016-03-31,1459382400,27.84
2016-04-01,1459468800,27.7
2016-04-02,1459555200,27.83
2016-04-03,1459641600,28.06
2016-04-04,1459728000,28.2
2016-04-05,1459814400,28.13
2016-04-06,1459900800,28.24
2016-04-07,1459987200,28.08
2016-04-08,1460073600,27.97
2016-04-09,1460160000,28.11
2016-04-10,1460246400,28.34
2016-04-11,1460332800,28.48
2016-04-12,1460419200,28.59
2016-04-13,1460505600,28.34
2016-04-14,1460592000,28.62
2016-04-15,1460678400,28.49
2016-04-16,1460764800,28.14
2016-04-17,1460851200,28.18
2016-04-18,1460937600,28.23
2016-04-19,1461024000,28.24
2016-04-20,1461110400,28.38
2016-04-21,1461196800,28.96
2016-04-22,1461283200,29.09
2016-04-23,1461369600,29.42
2016-04-24,1461456000,29.3
2016-04-25,1461542400,29.21
2016-04-26,1461628800,29.75
2016-04-27,1461715200,29.64
2016-04-28,1461801600,29.94
2016-04-29,1461888000,29.31
2016-04-30,1461974400,29.25
2016-05-01,1462060800,29.71
2016-05-02,1462147200,29.3
2016-05-03,1462233600,29.51
2016-05-04,1462320000,29.21
2016-05-05,1462406400,29.23
2016-05-06,1462492800,29.62
2016-05-07,1462579200,29.44
2016-05-08,1462665600,29.96
2016-05-09,1462752000,30.19
2016-05-10,1462838400,29.99
2016-05-11,1462924800,29.74
2016-05-12,1463011200,29.15
2016-05-13,1463097600,29.08
2016-05-14,1463184000,29.27
2016-05-15,1463270400,29.23
2016-05-16,1463356800,29.03
2016-05-17,1463443200,29.04
2016-05-18,1463529600,29.07
2016-05-19,1463616000,28.61
2016-05-20,1463702400,28.78
2016-05-21,1463788800,28.16
2016-05-22,1463875200,28.76
2016-05-23,1463961600,29.12
2016-05-24,1464048000,29.13
2016-05-25,1464134400,28.96
2016-05-26,1464220800,28.59
2016-05-27,1464307200,28.95
2016-05-28,1464393600,30.12
2016-05-29,1464480000,31.07
2016-05-30,1464566400,33.29
2016-05-31,1464652800,33.71
2016-06-01,1464739200,34.09
2016-06-02,1464825600,34.17
2016-06-03,1464912000,35.11
2016-06-04,1464998400,35.17
2016-06-05,1465084800,36.19
2016-06-06,1465171200,36.88
2016-06-07,1465257600,36.92
2016-06-08,1465344000,36.98
2016-06-09,1465430400,36.71
2016-06-10,1465516800,36.8
2016-06-11,1465603200,37.13
2016-06-12,1465689600,38.37
2016-06-13,1465776000,39.89
2016-06-14,1465862400,41.09
2016-06-15,1465948800,42.6
2016-06-16,1466035200,43.7
2016-06-17,1466121600,43.81
2016-06-18,1466208000,45.47
2016-06-19,1466294400,45.96
2016-06-20,1466380800,45.36
2016-06-21,1466467200,44.31
2016-06-22,1466553600,41.48
2016-06-23,1466640000,40.52
2016-06-24,1466726400,39.15
2016-06-25,1466812800,39.63
2016-06-26,1466899200,39.8
2016-06-27,1466985600,40.64
2016-06-28,1467072000,39.67
2016-06-29,1467158400,39.62
2016-06-30,1467244800,40.26
2016-07-01,1467331200,40.11
2016-07-02,1467417600,41.38
2016-07-03,1467504000,40.94
2016-07-04,1467590400,41.61
2016-07-05,1467676800,40.71
2016-07-06,1467763200,40.79
2016-07-07,1467849600,39.82
2016-07-08,1467936000,40.3
2016-07-09,1468022400,39.46
2016-07-10,1468108800,38.93
2016-07-11,1468195200,37.69
2016-07-12,1468281600,37.41
2016-07-13,1468368000,36.86
2016-07-14,1468454400,37.16
2016-07-15,1468540800,36.85
2016-07-16,1468627200,37.21
2016-07-17,1468713600,37.42
2016-07-18,1468800000,37.39
2016-07-19,1468886400,37.33
2016-07-20,1468972800,37.45
2016-07-21,1469059200,37.17
2016-07-22,1469145600,36.8
2016-07-23,1469232000,36.67
2016-07-24,1469318400,36.44
2016-07-25,1469404800,36.43
2016-07-26,1469491200,36.45
2016-07-27,1469577600,36.4
2016-07-28,1469664000,36.27
2016-07-29,1469750400,36.45
2016-07-30,1469836800,36.19
2016-07-31,1469923200,35.95
2016-08-01,1470009600,35.65
2016-08-02,1470096000,34.29
2016-08-03,1470182400,34.42
2016-08-04,1470268800,33.6
2016-08-05,1470355200,33.73
2016-08-06,1470441600,34.48
2016-08-07,1470528000,34.53
2016-08-08,1470614400,34.17
2016-08-09,1470700800,33.82
2016-08-10,1470787200,32.94
2016-08-11,1470873600,33.15
2016-08-12,1470960000,33.5
2016-08-13,1471046400,33.38
2016-08-14,1471132800,33.28
2016-08-15,1471219200,33.08
2016-08-16,1471305600,32.7
2016-08-17,1471392000,32.04
2016-08-18,1471478400,32.29
2016-08-19,1471564800,32.37
2016-08-20,1471651200,32.65
2016-08-21,1471737600,32.75
2016-08-22,1471824000,32.88
2016-08-23,1471910400,32.72
2016-08-24,1471996800,32.75
2016-08-25,1472083200,32.35
2016-08-26,1472169600,32.17
2016-08-27,1472256000,31.97
2016-08-28,1472342400,32.29
2016-08-29,1472428800,32.25
2016-08-30,1472515200,32.47
2016-08-31,1472601600,32.31
2016-09-01,1472688000,32.38
2016-09-02,1472774400,32.34
2016-09-03,1472860800,32.57
2016-09-04,1472947200,33.02
2016-09-05,1473033600,33.32
2016-09-06,1473120000,33.81
2016-09-07,1473206400,33.61
2016-09-08,1473292800,33.76
2016-09-09,1473379200,33.75
2016-09-10,1473465600,34.07
2016-09-11,1473552000,34.33
2016-09-12,1473638400,34.53
2016-09-13,1473724800,34.34
2016-09-14,1473811200,34.21
2016-09-15,1473897600,34.12
2016-09-16,1473984000,34.02
2016-09-17,1474070400,33.83
2016-09-18,1474156800,33.8
2016-09-19,1474243200,33.47
2016-09-20,1474329600,33.38
2016-09-21,1474416000,33.43
2016-09-22,1474502400,33.49
2016-09-23,1474588800,33.21
2016-09-24,1474675200,33.09
2016-09-25,1474761600,33.49
2016-09-26,1474848000,33.83
2016-09-27,1474934400,33.76
2016-09-28,1475020800,33.5
2016-09-29,1475107200,33.23
2016-09-30,1475193600,32.99
2016-10-01,1475280000,33.27
2016-10-02,1475366400,33.21
2016-10-03,1475452800,33.35
2016-10-04,1475539200,33.35
2016-10-05,1475625600,33.55
2016-10-06,1475712000,33.65
2016-10-07,1475798400,33.61
2016-10-08,1475884800,33.64
2016-10-09,1475971200,33.67
2016-10-10,1476057600,33.46
2016-10-11,1476144000,33.49
2016-10-12,1476230400,33.28
2016-10-13,1476316800,33.57
2016-10-14,1476403200,33.74
2016-10-15,1476489600,33.65
2016-10-16,1476576000,33.78
2016-10-17,1476662400,33.6
2016-10-18,1476748800,33.7
2016-10-19,1476835200,33.84
2016-10-20,1476921600,33.74
2016-10-21,1477008000,33.64
2016-10-22,1477094400,34.14
2016-10-23,1477180800,34.25
2016-10-24,1477267200,34.38
2016-10-25,1477353600,34.41
2016-10-26,1477440000,34.52
2016-10-27,1477526400,34.78
2016-10-28,1477612800,35.28
2016-10-29,1477699200,36.04
2016-10-30,1477785600,36.25
2016-10-31,1477872000,36.41
2016-11-01,1477958400,36.68
2016-11-02,1478044800,36.55
2016-11-03,1478131200,36.54
2016-11-04,1478217600,36.69
2016-11-05,1478304000,36.29
2016-11-06,1478390400,36.41
2016-11-07,1478476800,36.51
2016-11-08,1478563200,36.81
2016-11-09,1478649600,36.96
2016-11-10,1478736000,37.13
2016-11-11,1478822400,36.88
2016-11-12,1478908800,36.94
2016-11-13,1478995200,36.62
2016-11-14,1479081600,36.64
2016-11-15,1479168000,36.4
2016-11-16,1479254400,37.1
2016-11-17,1479340800,37.03
2016-11-18,1479427200,37.43
2016-11-19,1479513600,37.5
2016-11-20,1479600000,37.03
2016-11-21,1479686400,37.09
2016-11-22,1479772800,36.96
2016-11-23,1479859200,37.08
2016-11-24,1479945600,37.65
2016-11-25,1480032000,37.72
2016-11-26,1480118400,37.82
2016-11-27,1480204800,37.41
2016-11-28,1480291200,37.31
2016-11-29,1480377600,37.21
2016-11-30,1480464000,37.41
2016-12-01,1480550400,37.37
2016-12-02,1480636800,37.54
2016-12-03,1480723200,37.92
2016-12-04,1480809600,38.25
2016-12-05,1480896000,38.48
2016-12-06,1480982400,38.31
2016-12-07,1481068800,38.44
2016-12-08,1481155200,38.49
2016-12-09,1481241600,38.61
2016-12-10,1481328000,38.5
2016-12-11,1481414400,38.59
2016-12-12,1481500800,38.66
2016-12-13,1481587200,38.92
2016-12-14,1481673600,38.63
2016-12-15,1481760000,38.36
2016-12-16,1481846400,37.99
2016-12-17,1481932800,38.12
2016-12-18,1482019200,38.43
2016-12-19,1482105600,38.69
2016-12-20,1482192000,38.85
2016-12-21,1482278400,39.28
2016-12-22,1482364800,39.86
2016-12-23,1482451200,41.25
2016-12-24,1482537600,41.28
2016-12-25,1482624000,42.18
2016-12-26,1482710400,42.28
2016-12-27,1482796800,42.72
2016-12-28,1482883200,43.69
2016-12-29,1482969600,44.15
2016-12-30,1483056000,44.68
2016-12-31,1483142400,45.24
2017-01-01,1483228800,45.39
2017-01-02,1483315200,45.7
2017-01-03,1483401600,46.31
2017-01-04,1483488000,48.04
2017-01-05,1483574400,46.81
2017-01-06,1483660800,45.8
2017-01-07,1483747200,45.4
2017-01-08,1483833600,44.46
2017-01-09,1483920000,43.81
2017-01-10,1484006400,44.22
2017-01-11,1484092800,42.81
2017-01-12,1484179200,43.55
2017-01-13,1484265600,41.79
2017-01-14,1484352000,40.55
2017-01-15,1484438400,40.73
2017-01-16,1484524800,40.98
2017-01-17,1484611200,41.57
2017-01-18,1484697600,41.35
2017-01-19,1484784000,41.29
2017-01-20,1484870400,41.75
2017-01-21,1484956800,42.44
2017-01-22,1485043200,42.31
2017-01-23,1485129600,42.05
2017-01-24,1485216000,41.68
2017-01-25,1485302400,42.0
2017-01-26,1485388800,41.98
2017-01-27,1485475200,42.36
2017-01-28,1485561600,42.55
2017-01-29,1485648000,42.82
2017-01-30,1485734400,42.6
2017-01-31,1485820800,43.03
2017-02-01,1485907200,43.32
2017-02-02,1485993600,44.16
2017-02-03,1486080000,44.73
2017-02-04,1486166400,44.84
2017-02-05,1486252800,44.94
2017-02-06,1486339200,44.87
2017-02-07,1486425600,45.31
2017-02-08,1486512000,45.56
2017-02-09,1486598400,45.44
2017-02-10,1486684800,45.69
2017-02-11,1486771200,45.51
2017-02-12,1486857600,45.11
2017-02-13,1486944000,45.11
2017-02-14,1487030400,45.57
2017-02-15,1487116800,45.71
2017-02-16,1487203200,45.86
2017-02-17,1487289600,45.6
2017-02-18,1487376000,45.77
2017-02-19,1487462400,45.87
2017-02-20,1487548800,46.26
2017-02-21,1487635200,46.61
2017-02-22,1487721600,46.87
2017-02-23,1487808000,47.98
2017-02-24,1487894400,48.62
2017-02-25,1487980800,49.0
2017-02-26,1488067200,49.81
2017-02-27,1488153600,49.56
2017-02-28,1488240000,49.5
2017-03-01,1488326400,50.11
2017-03-02,1488412800,50.68
2017-03-03,1488499200,51.45
2017-03-04,1488585600,51.45
2017-03-05,1488672000,51.39
2017-03-06,1488758400,51.5
2017-03-07,1488844800,51.18
2017-03-08,1488931200,50.13
2017-03-09,1489017600,50.57
2017-03-10,1489104000,48.98
2017-03-11,1489190400,49.68
2017-03-12,1489276800,49.86
2017-03-13,1489363200,49.98
2017-03-14,1489449600,50.72
2017-03-15,1489536000,50.8
2017-03-16,1489622400,49.51
2017-03-17,1489708800,48.36
2017-03-18,1489795200,46.32
2017-03-19,1489881600,46.28
2017-03-20,1489968000,45.49
2017-03-21,1490054400,46.24
2017-03-22,1490140800,45.68
2017-03-23,1490227200,46.18
2017-03-24,1490313600,45.06
2017-03-25,1490400000,43.9
2017-03-26,1490486400,42.61
2017-03-27,1490572800,43.13
2017-03-28,1490659200,43.65
2017-03-29,1490745600,44.23
2017-03-30,1490832000,44.44
2017-03-31,1490918400,44.52
2017-04-01,1491004800,43.94
2017-04-02,1491091200,44.64
2017-04-03,1491177600,45.54
2017-04-04,1491264000,46.06
2017-04-05,1491350400,46.29
2017-04-06,1491436800,46.73
2017-04-07,1491523200,47.04
2017-04-08,1491609600,47.3
2017-04-09,1491696000,47.86
2017-04-10,1491782400,47.7
2017-04-11,1491868800,48.48
2017-04-12,1491955200,48.19
2017-04-13,1492041600,47.48
2017-04-14,1492128000,47.42
2017-04-15,1492214400,47.1
2017-04-16,1492300800,46.97
2017-04-17,1492387200,47.27
2017-04-18,1492473600,47.22
2017-04-19,1492560000,47.57
2017-04-20,1492646400,47.94
2017-04-21,1492732800,48.11
2017-04-22,1492819200,48.3
2017-04-23,1492905600,48.61
2017-04-24,1492992000,48.15
2017-04-25,1493078400,48.49
2017-04-26,1493164800,48.65
2017-04-27,1493251200,49.61
2017-04-28,1493337600,49.87
2017-04-29,1493424000,50.53
2017-04-30,1493510400,51.02
2017-05-01,1493596800,51.74
2017-05-02,1493683200,52.09
2017-05-03,1493769600,52.95
2017-05-04,1493856000,53.73
2017-05-05,1493942400,53.93
2017-05-06,1494028800,54.95
2017-05-07,1494115200,54.67
2017-05-08,1494201600,56.69
2017-05-09,1494288000,57.13
2017-05-10,1494374400,58.04
2017-05-11,1494460800,58.89
2017-05-12,1494547200,58.18
2017-05-13,1494633600,58.95
2017-05-14,1494720000,59.21
2017-05-15,1494806400,58.54
2017-05-16,1494892800,59.14
2017-05-17,1494979200,59.37
2017-05-18,1495065600,59.85
2017-05-19,1495152000,61.09
2017-05-20,1495238400,61.6
2017-05-21,1495324800,62.28
2017-05-22,1495411200,62.76
2017-05-23,1495497600,63.94
2017-05-24,1495584000,65.25
2017-05-25,1495670400,65.68
2017-05-26,1495756800,66.22
2017-05-27,1495843200,65.2
2017-05-28,1495929600,66.19
2017-05-29,1496016000,65.91
2017-05-30,1496102400,65.23
2017-05-31,1496188800,66.79
2017-06-01,1496275200,67.61
2017-06-02,1496361600,67.58
2017-06-03,1496448000,68.46
2017-06-04,1496534400,67.88
2017-06-05,1496620800,69.65
2017-06-06,1496707200,70.52
2017-06-07,1496793600,69.72
2017-06-08,1496880000,71.05
2017-06-09,1496966400,71.25
2017-06-10,1497052800,71.54
2017-06-11,1497139200,71.95
2017-06-12,1497225600,70.43
2017-06-13,1497312000,70.97
2017-06-14,1497398400,69.31
2017-06-15,1497484800,68.17
2017-06-16,1497571200,68.24
2017-06-17,1497657600,68.67
2017-06-18,1497744000,68.05
2017-06-19,1497830400,68.86
2017-06-20,1497916800,68.93
2017-06-21,1498003200,68.33
2017-06-22,1498089600,68.09
2017-06-23,1498176000,68.22
2017-06-24,1498262400,67.58
2017-06-25,1498348800,67.36
2017-06-26,1498435200,66.04
2017-06-27,1498521600,66.1
2017-06-28,1498608000,66.64
2017-06-29,1498694400,66.08
2017-06-30,1498780800,66.1
2017-07-01,1498867200,65.78
2017-07-02,1498953600,66.46
2017-07-03,1499040000,66.38
2017-07-04,1499126400,66.51
2017-07-05,1499212800,66.72
2017-07-06,1499299200,66.51
2017-07-07,1499385600,65.86
2017-07-08,1499472000,65.99
2017-07-09,1499558400,65.29
2017-07-10,1499644800,64.75
2017-07-11,1499731200,64.73
2017-07-12,1499817600,64.91
2017-07-13,1499904000,64.04
2017-07-14,1499990400,62.97
2017-07-15,1500076800,60.53
2017-07-16,1500163200,59.38
2017-07-17,1500249600,60.36
2017-07-18,1500336000,60.05
2017-07-19,1500422400,60.4
2017-07-20,1500508800,64.76
2017-07-21,1500595200,63.9
2017-07-22,1500681600,65.74
2017-07-23,1500768000,65.57
2017-07-24,1500854400,65.55
2017-07-25,1500940800,65.31
2017-07-26,1501027200,64.83
2017-07-27,1501113600,64.85
2017-07-28,1501200000,66.51
2017-07-29,1501286400,65.99
2017-07-30,1501372800,66.98
2017-07-31,1501459200,67.47
2017-08-01,1501545600,66.84
2017-08-02,1501632000,66.63
2017-08-03,1501718400,66.97
2017-08-04,1501804800,67.58
2017-08-05,1501891200,69.98
2017-08-06,1501977600,70.14
2017-08-07,1502064000,71.49
2017-08-08,1502150400,72.16
2017-08-09,1502236800,71.67
2017-08-10,1502323200,71.93
2017-08-11,1502409600,72.67
2017-08-12,1502496000,73.6
2017-08-13,1502582400,75.58
2017-08-14,1502668800,76.76
2017-08-15,1502755200,77.12
2017-08-16,1502841600,78.04
2017-08-17,1502928000,78.08
2017-08-18,1503014400,77.45
2017-08-19,1503100800,78.24
2017-08-20,1503187200,77.45
2017-08-21,1503273600,76.71
2017-08-22,1503360000,76.41
2017-08-23,1503446400,76.45
2017-08-24,1503532800,77.09
2017-08-25,1503619200,77.34
2017-08-26,1503705600,76.57
2017-08-27,1503792000,77.34
2017-08-28,1503878400,77.52
2017-08-29,1503964800,78.43
2017-08-30,1504051200,78.59
2017-08-31,1504137600,79.78
2017-09-01,1504224000,80.93
2017-09-02,1504310400,80.1
2017-09-03,1504396800,80.29
2017-09-04,1504483200,79.19
2017-09-05,1504569600,79.29
2017-09-06,1504656000,79.85
2017-09-07,1504742400,79.69
2017-09-08,1504828800,78.9
2017-09-09,1504915200,79.16
2017-09-10,1505001600,77.57
2017-09-11,1505088000,76.88
2017-09-12,1505174400,76.24
2017-09-13,1505260800,75.34
2017-09-14,1505347200,72.43
2017-09-15,1505433600,73.4
2017-09-16,1505520000,71.2
2017-09-17,1505606400,71.32
2017-09-18,1505692800,72.62
2017-09-19,1505779200,71.86
2017-09-20,1505865600,71.51
2017-09-21,1505952000,70.47
2017-09-22,1506038400,68.58
2017-09-23,1506124800,69.93
2017-09-24,1506211200,68.65
2017-09-25,1506297600,69.49
2017-09-26,1506384000,69.65
2017-09-27,1506470400,70.92
2017-09-28,1506556800,71.65
2017-09-29,1506643200,71.71
2017-09-30,1506729600,72.65
2017-10-01,1506816000,72.54
2017-10-02,1506902400,72.4
2017-10-03,1506988800,73.17
2017-10-04,1507075200,72.71
2017-10-05,1507161600,72.93
2017-10-06,1507248000,72.47
2017-10-07,1507334400,72.84
2017-10-08,1507420800,74.29
2017-10-09,1507507200,74.97
2017-10-10,1507593600,75.13
2017-10-11,1507680000,75.21
2017-10-12,1507766400,76.83
2017-10-13,1507852800,77.45
2017-10-14,1507939200,78.71
2017-10-15,1508025600,79.75
2017-10-16,1508112000,80.7
2017-10-17,1508198400,80.63
2017-10-18,1508284800,79.95
2017-10-19,1508371200,80.11
2017-10-20,1508457600,81.48
2017-10-21,1508544000,81.89
2017-10-22,1508630400,82.14
2017-10-23,1508716800,81.78
2017-10-24,1508803200,80.86
2017-10-25,1508889600,81.25
2017-10-26,1508976000,81.35
2017-10-27,1509062400,80.27
2017-10-28,1509148800,79.56
2017-10-29,1509235200,80.29
2017-10-30,1509321600,80.42
2017-10-31,1509408000,81.9
2017-11-01,1509494400,82.17
2017-11-02,1509580800,83.12
2017-11-03,1509667200,83.96
2017-11-04,1509753600,84.62
2017-11-05,1509840000,84.77
2017-11-06,1509926400,84.76
2017-11-07,1510012800,85.18
2017-11-08,1510099200,85.83
2017-11-09,1510185600,85.4
2017-11-10,1510272000,84.23
2017-11-11,1510358400,82.55
2017-11-12,1510444800,79.58
2017-11-13,1510531200,80.66
2017-11-14,1510617600,80.68
2017-11-15,1510704000,83.46
2017-11-16,1510790400,85.61
2017-11-17,1510876800,86.1
2017-11-18,1510963200,86.34
2017-11-19,1511049600,86.89
2017-11-20,1511136000,86.76
2017-11-21,1511222400,87.48
2017-11-22,1511308800,87.85
2017-11-23,1511395200,87.98
2017-11-24,1511481600,88.29
2017-11-25,1511568000,89.02
2017-11-26,1511654400,89.82
2017-11-27,1511740800,91.24
2017-11-28,1511827200,92.08
2017-11-29,1511913600,92.02
2017-11-30,1512000000,92.41
2017-12-01,1512086400,93.67
2017-12-02,1512172800,93.94
2017-12-03,1512259200,95.01
2017-12-04,1512345600,95.74
2017-12-05,1512432000,96.29
2017-12-06,1512518400,98.25
2017-12-07,1512604800,98.57
2017-12-08,1512691200,98.82
2017-12-09,1512777600,99.42
2017-12-10,1512864000,99.51
2017-12-11,1512950400,99.63
2017-12-12,1513036800,99.77
2017-12-13,1513123200,99.8
2017-12-14,1513209600,99.95
2017-12-15,1513296000,99.98
2017-12-16,1513382400,100.0
2017-12-17,1513468800,100.0
2017-12-18,1513555200,100.0
2017-12-19,1513641600,100.0
2017-12-20,1513728000,99.92
2017-12-21,1513814400,98.98
2017-12-22,1513900800,97.75
2017-12-23,1513987200,97.82
2017-12-24,1514073600,96.63
2017-12-25,1514160000,96.49
2017-12-26,1514246400,97.5
2017-12-27,1514332800,97.44
2017-12-28,1514419200,96.81
2017-12-29,1514505600,96.57
2017-12-30,1514592000,93.51
2017-12-31,1514678400,94.79
2018-01-01,1514764800,93.06
2018-01-02,1514851200,94.94
2018-01-03,1514937600,95.63
2018-01-04,1515024000,95.98
2018-01-05,1515110400,96.37
2018-01-06,1515196800,96.66
2018-01-07,1515283200,95.97
2018-01-08,1515369600,95.22
2018-01-09,1515456000,93.78
2018-01-10,1515542400,94.06
2018-01-11,1515628800,92.34
2018-01-12,1515715200,92.98
2018-01-13,1515801600,93.34
2018-01-14,1515888000,92.56
2018-01-15,1515974400,91.84
2018-01-16,1516060800,88.27
2018-01-17,1516147200,87.24
2018-01-18,1516233600,86.31
2018-01-19,1516320000,85.59
2018-01-20,1516406400,87.6
2018-01-21,1516492800,86.29
2018-01-22,1516579200,85.57
2018-01-23,1516665600,84.68
2018-01-24,1516752000,83.38
2018-01-25,1516838400,82.44
2018-01-26,1516924800,82.2
2018-01-27,1517011200,82.36
2018-01-28,1517097600,83.45
2018-01-29,1517184000,82.0
2018-01-30,1517270400,79.95
2018-01-31,1517356800,79.17
2018-02-01,1517443200,76.96
2018-02-02,1517529600,76.28
2018-02-03,1517616000,76.37
2018-02-04,1517702400,74.82
2018-02-05,1517788800,72.23
2018-02-06,1517875200,72.76
2018-02-07,1517961600,69.48
2018-02-08,1518048000,70.48
2018-02-09,1518134400,70.7
2018-02-10,1518220800,70.95
2018-02-11,1518307200,71.27
2018-02-12,1518393600,72.18
2018-02-13,1518480000,69.66
2018-02-14,1518566400,73.1
2018-02-15,1518652800,73.51
2018-02-16,1518739200,75.06
2018-02-17,1518825600,77.07
2018-02-18,1518912000,76.33
2018-02-19,1518998400,77.43
2018-02-20,1519084800,77.82
2018-02-21,1519171200,76.75
2018-02-22,1519257600,76.42
2018-02-23,1519344000,76.69
2018-02-24,1519430400,75.6
2018-02-25,1519516800,76.4
2018-02-26,1519603200,76.64
2018-02-27,1519689600,77.67
2018-02-28,1519776000,77.6
2018-03-01,1519862400,78.36
2018-03-02,1519948800,77.93
2018-03-03,1520035200,79.08
2018-03-04,1520121600,78.62
2018-03-05,1520208000,78.69
2018-03-06,1520294400,77.76
2018-03-07,1520380800,76.91
2018-03-08,1520467200,75.09
2018-03-09,1520553600,74.5
2018-03-10,1520640000,72.64
2018-03-11,1520726400,73.67
2018-03-12,1520812800,72.69
2018-03-13,1520899200,73.22
2018-03-14,1520985600,70.6
2018-03-15,1521072000,69.6
2018-03-16,1521158400,68.31
2018-03-17,1521244800,66.8
2018-03-18,1521331200,66.81
2018-03-19,1521417600,67.48
2018-03-20,1521504000,67.61
2018-03-21,1521590400,68.14
2018-03-22,1521676800,67.26
2018-03-23,1521763200,67.53
2018-03-24,1521849600,67.12
2018-03-25,1521936000,65.94
2018-03-26,1522022400,65.72
2018-03-27,1522108800,64.92
2018-03-28,1522195200,64.82
2018-03-29,1522281600,62.34
2018-03-30,1522368000,61.23
2018-03-31,1522454400,60.21
2018-04-01,1522540800,58.86
2018-04-02,1522627200,58.93
2018-04-03,1522713600,59.52
2018-04-04,1522800000,57.68
2018-04-05,1522886400,58.22
2018-04-06,1522972800,55.77
2018-04-07,1523059200,55.7
2018-04-08,1523145600,55.57
2018-04-09,1523232000,55.11
2018-04-10,1523318400,55.62
2018-04-11,1523404800,55.92
2018-04-12,1523491200,57.05
2018-04-13,1523577600,57.55
2018-04-14,1523664000,58.67
2018-04-15,1523750400,60.39
2018-04-16,1523836800,59.73
2018-04-17,1523923200,59.53
2018-04-18,1524009600,59.91
2018-04-19,1524096000,60.18
2018-04-20,1524182400,62.09
2018-04-21,1524268800,62.37
2018-04-22,1524355200,62.74
2018-04-23,1524441600,63.71
2018-04-24,1524528000,64.53
2018-04-25,1524614400,62.72
2018-04-26,1524700800,64.17
2018-04-27,1524787200,63.27
2018-04-28,1524873600,64.3
2018-04-29,1524960000,64.37
2018-04-30,1525046400,64.14
2018-05-01,1525132800,64.35
2018-05-02,1525219200,64.61
2018-05-03,1525305600,64.31
2018-05-04,1525392000,64.27
2018-05-05,1525478400,64.64
2018-05-06,1525564800,64.63
2018-05-07,1525651200,64.22
2018-05-08,1525737600,63.29
2018-05-09,1525824000,63.01
2018-05-10,1525910400,62.4
2018-05-11,1525996800,61.33
2018-05-12,1526083200,61.06
2018-05-13,1526169600,60.58
2018-05-14,1526256000,59.98
2018-05-15,1526342400,59.35
2018-05-16,1526428800,59.38
2018-05-17,1526515200,58.52
2018-05-18,1526601600,58.34
2018-05-19,1526688000,57.25
2018-05-20,1526774400,57.83
2018-05-21,1526860800,57.91
2018-05-22,1526947200,57.16
2018-05-23,1527033600,55.86
2018-05-24,1527120000,54.97
2018-05-25,1527206400,53.52
2018-05-26,1527292800,52.83
2018-05-27,1527379200,52.55
2018-05-28,1527465600,51.77
2018-05-29,1527552000,51.99
2018-05-30,1527638400,51.24
2018-05-31,1527724800,51.34
2018-06-01,1527811200,51.82
2018-06-02,1527897600,51.73
2018-06-03,1527984000,51.69
2018-06-04,1528070400,51.51
2018-06-05,1528156800,51.78
2018-06-06,1528243200,51.79
2018-06-07,1528329600,51.29
2018-06-08,1528416000,51.04
2018-06-09,1528502400,50.73
2018-06-10,1528588800,48.67
2018-06-11,1528675200,48.49
2018-06-12,1528761600,46.24
2018-06-13,1528848000,45.46
2018-06-14,1528934400,45.79
2018-06-15,1529020800,44.81
2018-06-16,1529107200,45.45
2018-06-17,1529193600,44.99
2018-06-18,1529280000,44.64
2018-06-19,1529366400,44.57
2018-06-20,1529452800,44.47
2018-06-21,1529539200,44.3
2018-06-22,1529625600,42.75
2018-06-23,1529712000,42.5
2018-06-24,1529798400,41.26
2018-06-25,1529884800,41.11
2018-06-26,1529971200,40.93
2018-06-27,1530057600,40.54
2018-06-28,1530144000,39.44
2018-06-29,1530230400,40.49
2018-06-30,1530316800,39.65
2018-07-01,1530403200,40.05
2018-07-02,1530489600,40.99
2018-07-03,1530576000,40.94
2018-07-04,1530662400,41.15
2018-07-05,1530748800,41.16
2018-07-06,1530835200,41.29
2018-07-07,1530921600,42.3
2018-07-08,1531008000,42.77
2018-07-09,1531094400,42.59
2018-07-10,1531180800,41.7
2018-07-11,1531267200,41.21
2018-07-12,1531353600,40.04
2018-07-13,1531440000,39.79
2018-07-14,1531526400,39.53
2018-07-15,1531612800,39.57
2018-07-16,1531699200,40.24
2018-07-17,1531785600,41.99
2018-07-18,1531872000,42.89
2018-07-19,1531958400,44.91
2018-07-20,1532044800,44.86
2018-07-21,1532131200,44.9
2018-07-22,1532217600,44.88
2018-07-23,1532304000,45.77
2018-07-24,1532390400,47.84
2018-07-25,1532476800,48.66
2018-07-26,1532563200,49.05
2018-07-27,1532649600,49.61
2018-07-28,1532736000,48.59
2018-07-29,1532822400,48.87
2018-07-30,1532908800,48.39
2018-07-31,1532995200,47.96
2018-08-01,1533081600,47.82
2018-08-02,1533168000,46.9
2018-08-03,1533254400,45.9
2018-08-04,1533340800,45.23
2018-08-05,1533427200,44.9
2018-08-06,1533513600,43.55
2018-08-07,1533600000,42.24
2018-08-08,1533686400,40.33
2018-08-09,1533772800,40.38
2018-08-10,1533859200,38.53
2018-08-11,1533945600,38.96
2018-08-12,1534032000,37.91
2018-08-13,1534118400,37.52
2018-08-14,1534204800,36.86
2018-08-15,1534291200,36.79
2018-08-16,1534377600,36.21
2018-08-17,1534464000,37.49
2018-08-18,1534550400,36.53
2018-08-19,1534636800,37.26
2018-08-20,1534723200,36.45
2018-08-21,1534809600,36.64
2018-08-22,1534896000,36.02
2018-08-23,1534982400,36.65
2018-08-24,1535068800,36.97
2018-08-25,1535155200,37.29
2018-08-26,1535241600,37.44
2018-08-27,1535328000,38.46
2018-08-28,1535414400,38.84
2018-08-29,1535500800,38.92
2018-08-30,1535587200,38.76
2018-08-31,1535673600,39.07
2018-09-01,1535760000,39.53
2018-09-02,1535846400,39.71
2018-09-03,1535932800,39.66
2018-09-04,1536019200,39.95
2018-09-05,1536105600,38.71
2018-09-06,1536192000,37.86
2018-09-07,1536278400,36.92
2018-09-08,1536364800,35.68
2018-09-09,1536451200,35.67
2018-09-10,1536537600,35.14
2018-09-11,1536624000,34.84
2018-09-12,1536710400,35.17
2018-09-13,1536796800,34.99
2018-09-14,1536883200,34.62
2018-09-15,1536969600,34.92
2018-09-16,1537056000,34.49
2018-09-17,1537142400,33.99
2018-09-18,1537228800,34.07
2018-09-19,1537315200,33.77
2018-09-20,1537401600,34.14
2018-09-21,1537488000,34.98
2018-09-22,1537574400,34.72
2018-09-23,1537660800,35.48
2018-09-24,1537747200,35.33
2018-09-25,1537833600,34.66
2018-09-26,1537920000,34.44
2018-09-27,1538006400,34.71
2018-09-28,1538092800,34.53
2018-09-29,1538179200,35.2
2018-09-30,1538265600,35.49
2018-10-01,1538352000,35.23
2018-10-02,1538438400,34.77
2018-10-03,1538524800,34.29
2018-10-04,1538611200,34.25
2018-10-05,1538697600,34.5
2018-10-06,1538784000,34.17
2018-10-07,1538870400,33.93
2018-10-08,1538956800,34.03
2018-10-09,1539043200,33.92
2018-10-10,1539129600,33.72
2018-10-11,1539216000,32.93
2018-10-12,1539302400,33.01
2018-10-13,1539388800,32.37
2018-10-14,1539475200,31.49
2018-10-15,1539561600,32.44
2018-10-16,1539648000,32.47
2018-10-17,1539734400,33.39
2018-10-18,1539820800,33.23
2018-10-19,1539907200,32.76
2018-10-20,1539993600,32.74
2018-10-21,1540080000,32.69
2018-10-22,1540166400,32.93
2018-10-23,1540252800,33.31
2018-10-24,1540339200,32.86
2018-10-25,1540425600,32.62
2018-10-26,1540512000,32.43
2018-10-27,1540598400,32.61
2018-10-28,1540684800,32.73
2018-10-29,1540771200,32.16
2018-10-30,1540857600,32.36
2018-10-31,1540944000,32.27
2018-11-01,1541030400,32.22
2018-11-02,1541116800,32.24
2018-11-03,1541203200,32.16
2018-11-04,1541289600,32.01
2018-11-05,1541376000,31.93
2018-11-06,1541462400,31.62
2018-11-07,1541548800,31.9
2018-11-08,1541635200,31.52
2018-11-09,1541721600,31.25
2018-11-10,1541808000,31.08
2018-11-11,1541894400,31.0
2018-11-12,1541980800,31.09
2018-11-13,1542067200,30.63
2018-11-14,1542153600,28.62
2018-11-15,1542240000,28.07
2018-11-16,1542326400,26.51
2018-11-17,1542412800,26.49
2018-11-18,1542499200,26.44
2018-11-19,1542585600,23.96
2018-11-20,1542672000,21.96
2018-11-21,1542758400,20.48
2018-11-22,1542844800,16.41
2018-11-23,1542931200,16.36
2018-11-24,1543017600,13.95
2018-11-25,1543104000,13.93
2018-11-26,1543190400,11.52
2018-11-27,1543276800,9.96
2018-11-28,1543363200,11.39
2018-11-29,1543449600,10.61
2018-11-30,1543536000,10.75
2018-12-01,1543622400,12.1
2018-12-02,1543708800,11.34
2018-12-03,1543795200,10.64
2018-12-04,1543881600,10.56
2018-12-05,1543968000,9.36
2018-12-06,1544054400,8.78
2018-12-07,1544140800,8.2
2018-12-08,1544227200,8.19
2018-12-09,1544313600,8.14
2018-12-10,1544400000,7.12
2018-12-11,1544486400,6.82
2018-12-12,1544572800,7.06
2018-12-13,1544659200,5.56
2018-12-14,1544745600,4.73
2018-12-15,1544832000,4.34
2018-12-16,1544918400,3.92
2018-12-17,1545004800,5.05
2018-12-18,1545091200,5.66
2018-12-19,1545177600,6.48
2018-12-20,1545264000,8.55
2018-12-21,1545350400,8.34
2018-12-22,1545436800,10.29
2018-12-23,1545523200,10.25
2018-12-24,1545609600,10.91
2018-12-25,1545696000,9.7
2018-12-26,1545782400,9.95
2018-12-27,1545868800,7.88
2018-12-28,1545955200,8.82
2018-12-29,1546041600,8.41
2018-12-30,1546128000,8.6
2018-12-31,1546214400,8.09
2019-01-01,1546300800,8.61
2019-01-02,1546387200,8.53
2019-01-03,1546473600,8.1
2019-01-04,1546560000,8.77
2019-01-05,1546646400,8.44
2019-01-06,1546732800,9.35
2019-01-07,1546819200,9.11
2019-01-08,1546905600,10.06
2019-01-09,1546992000,10.5
2019-01-10,1547078400,8.95
2019-01-11,1547164800,8.57
2019-01-12,1547251200,7.2
2019-01-13,1547337600,5.97
2019-01-14,1547424000,6.63
2019-01-15,1547510400,6.12
2019-01-16,1547596800,6.03
2019-01-17,1547683200,6.31
2019-01-18,1547769600,6.05
2019-01-19,1547856000,6.37
2019-01-20,1547942400,5.97
2019-01-21,1548028800,5.98
2019-01-22,1548115200,6.15
2019-01-23,1548201600,5.69
2019-01-24,1548288000,5.85
2019-01-25,1548374400,5.94
2019-01-26,1548460800,5.9
2019-01-27,1548547200,5.53
2019-01-28,1548633600,5.07
2019-01-29,1548720000,4.74
2019-01-30,1548806400,4.81
2019-01-31,1548892800,4.6
2019-02-01,1548979200,4.82
2019-02-02,1549065600,5.03
2019-02-03,1549152000,4.57
2019-02-04,1549238400,4.46
2019-02-05,1549324800,4.54
2019-02-06,1549411200,4.42
2019-02-07,1549497600,4.58
2019-02-08,1549584000,5.9
2019-02-09,1549670400,5.78
2019-02-10,1549756800,5.6
2019-02-11,1549843200,5.55
2019-02-12,1549929600,5.26
2019-02-13,1550016000,5.31
2019-02-14,1550102400,5.1
2019-02-15,1550188800,5.05
2019-02-16,1550275200,5.07
2019-02-17,1550361600,5.4
2019-02-18,1550448000,6.79
2019-02-19,1550534400,7.11
2019-02-20,1550620800,7.96
2019-02-21,1550707200,7.83
2019-02-22,1550793600,8.25
2019-02-23,1550880000,8.96
2019-02-24,1550966400,7.88
2019-02-25,1551052800,8.48
2019-02-26,1551139200,7.39
2019-02-27,1551225600,7.21
2019-02-28,1551312000,7.2
2019-03-01,1551398400,7.23
2019-03-02,1551484800,7.07
2019-03-03,1551571200,6.95
2019-03-04,1551657600,6.29
2019-03-05,1551744000,6.94
2019-03-06,1551830400,6.45
2019-03-07,1551916800,6.99
2019-03-08,1552003200,7.12
2019-03-09,1552089600,7.52
2019-03-10,1552176000,7.39
2019-03-11,1552262400,7.39
2019-03-12,1552348800,7.53
2019-03-13,1552435200,7.28
2019-03-14,1552521600,7.39
2019-03-15,1552608000,7.7
2019-03-16,1552694400,8.4
2019-03-17,1552780800,8.46
2019-03-18,1552867200,8.96
2019-03-19,1552953600,9.21
2019-03-20,1553040000,9.5
2019-03-21,1553126400,9.21
2019-03-22,1553212800,9.26
2019-03-23,1553299200,8.95
2019-03-24,1553385600,8.95
2019-03-25,1553472000,8.56
2019-03-26,1553558400,8.42
2019-03-27,1553644800,8.64
2019-03-28,1553731200,8.58
2019-03-29,1553817600,9.49
2019-03-30,1553904000,9.53
2019-03-31,1553990400,9.75
2019-04-01,1554076800,9.94
2019-04-02,1554163200,13.02
2019-04-03,1554249600,13.71
2019-04-04,1554336000,17.25
2019-04-05,1554422400,18.81
2019-04-06,1554508800,18.74
2019-04-07,1554595200,19.71
2019-04-08,1554681600,20.16
2019-04-09,1554768000,20.44
2019-04-10,1554854400,21.39
2019-04-11,1554940800,20.46
2019-04-12,1555027200,21.06
2019-04-13,1555113600,20.05
2019-04-14,1555200000,19.79
2019-04-15,1555286400,19.42
2019-04-16,1555372800,20.39
2019-04-17,1555459200,20.39
2019-04-18,1555545600,21.16
2019-04-19,1555632000,21.56
2019-04-20,1555718400,21.81
2019-04-21,1555804800,22.0
2019-04-22,1555891200,22.21
2019-04-23,1555977600,22.53
2019-04-24,1556064000,22.58
2019-04-25,1556150400,22.37
2019-04-26,1556236800,22.66
2019-04-27,1556323200,21.28
2019-04-28,1556409600,21.16
2019-04-29,1556496000,21.45
2019-04-30,1556582400,21.8
2019-05-01,1556668800,22.07
2019-05-02,1556755200,23.0
2019-05-03,1556841600,24.36
2019-05-04,1556928000,24.74
2019-05-05,1557014400,25.1
2019-05-06,1557100800,25.65
2019-05-07,1557187200,25.96
2019-05-08,1557273600,26.44
2019-05-09,1557360000,27.55
2019-05-10,1557446400,28.59
2019-05-11,1557532800,31.7
2019-05-12,1557619200,32.15
2019-05-13,1557705600,37.38
2019-05-14,1557792000,38.17
2019-05-15,1557878400,40.49
2019-05-16,1557964800,40.53
2019-05-17,1558051200,40.15
2019-05-18,1558137600,39.76
2019-05-19,1558224000,40.61
2019-05-20,1558310400,39.83
2019-05-21,1558396800,41.71
2019-05-22,1558483200,41.17
2019-05-23,1558569600,41.35
2019-05-24,1558656000,40.74
2019-05-25,1558742400,40.88
2019-05-26,1558828800,42.69
2019-05-27,1558915200,43.34
2019-05-28,1559001600,44.78
2019-05-29,1559088000,45.33
2019-05-30,1559174400,44.46
2019-05-31,1559260800,44.74
2019-06-01,1559347200,43.58
2019-06-02,1559433600,43.88
2019-06-03,1559520000,43.06
2019-06-04,1559606400,42.18
2019-06-05,1559692800,41.79
2019-06-06,1559779200,41.05
2019-06-07,1559865600,41.31
2019-06-08,1559952000,40.84
2019-06-09,1560038400,40.54
2019-06-10,1560124800,41.15
2019-06-11,1560211200,40.57
2019-06-12,1560297600,41.44
2019-06-13,1560384000,41.62
2019-06-14,1560470400,42.89
2019-06-15,1560556800,43.77
2019-06-16,1560643200,44.92
2019-06-17,1560729600,45.81
2019-06-18,1560816000,46.08
2019-06-19,1560902400,47.68
2019-06-20,1560988800,48.04
2019-06-21,1561075200,49.0
2019-06-22,1561161600,50.33
2019-06-23,1561248000,52.05
2019-06-24,1561334400,54.22
2019-06-25,1561420800,55.86
2019-06-26,1561507200,57.74
2019-06-27,1561593600,56.18
2019-06-28,1561680000,59.81
2019-06-29,1561766400,58.15
2019-06-30,1561852800,57.44
2019-07-01,1561939200,56.7
2019-07-02,1562025600,55.26
2019-07-03,1562112000,56.32
2019-07-04,1562198400,55.73
2019-07-05,1562284800,56.96
2019-07-06,1562371200,56.82
2019-07-07,1562457600,56.29
2019-07-08,1562544000,57.52
2019-07-09,1562630400,58.02
2019-07-10,1562716800,58.4
2019-07-11,1562803200,57.25
2019-07-12,1562889600,57.91
2019-07-13,1562976000,56.23
2019-07-14,1563062400,55.03
2019-07-15,1563148800,55.4
2019-07-16,1563235200,51.64
2019-07-17,1563321600,51.95
2019-07-18,1563408000,51.43
2019-07-19,1563494400,50.06
2019-07-20,1563580800,52.68
2019-07-21,1563667200,52.93
2019-07-22,1563753600,53.34
2019-07-23,1563840000,52.01
2019-07-24,1563926400,51.13
2019-07-25,1564012800,50.33
2019-07-26,1564099200,50.11
2019-07-27,1564185600,49.59
2019-07-28,1564272000,49.54
2019-07-29,1564358400,48.66
2019-07-30,1564444800,48.55
2019-07-31,1564531200,50.14
2019-08-01,1564617600,50.69
2019-08-02,1564704000,52.03
2019-08-03,1564790400,53.33
2019-08-04,1564876800,54.36
2019-08-05,1564963200,55.8
2019-08-06,1565049600,55.69
2019-08-07,1565136000,56.98
2019-08-08,1565222400,57.03
2019-08-09,1565308800,57.31
2019-08-10,1565395200,56.79
2019-08-11,1565481600,57.05
2019-08-12,1565568000,55.94
2019-08-13,1565654400,55.23
2019-08-14,1565740800,53.33
2019-08-15,1565827200,53.05
2019-08-16,1565913600,51.47
2019-08-17,1566000000,50.73
2019-08-18,1566086400,50.85
2019-08-19,1566172800,51.64
2019-08-20,1566259200,51.86
2019-08-21,1566345600,51.87
2019-08-22,1566432000,51.63
2019-08-23,1566518400,50.97
2019-08-24,1566604800,50.42
2019-08-25,1566691200,51.1
2019-08-26,1566777600,51.0
2019-08-27,1566864000,50.14
2019-08-28,1566950400,49.75
2019-08-29,1567036800,49.39
2019-08-30,1567123200,48.87
2019-08-31,1567209600,48.42
2019-09-01,1567296000,48.24
2019-09-02,1567382400,49.28
2019-09-03,1567468800,50.0
2019-09-04,1567555200,51.07
2019-09-05,1567641600,51.97
2019-09-06,1567728000,51.61
2019-09-07,1567814400,51.94
2019-09-08,1567900800,51.83
2019-09-09,1567987200,51.64
2019-09-10,1568073600,51.45
2019-09-11,1568160000,51.36
2019-09-12,1568246400,51.38
2019-09-13,1568332800,51.16
2019-09-14,1568419200,51.29
2019-09-15,1568505600,50.73
2019-09-16,1568592000,50.72
2019-09-17,1568678400,50.42
2019-09-18,1568764800,50.37
2019-09-19,1568851200,50.23
2019-09-20,1568937600,49.56
2019-09-21,1569024000,49.29
2019-09-22,1569110400,49.48
2019-09-23,1569196800,48.02
2019-09-24,1569283200,45.77
2019-09-25,1569369600,44.44
2019-09-26,1569456000,42.51
2019-09-27,1569542400,41.47
2019-09-28,1569628800,41.01
2019-09-29,1569715200,40.25
2019-09-30,1569801600,40.77
2019-10-01,1569888000,40.38
2019-10-02,1569974400,41.05
2019-10-03,1570060800,41.15
2019-10-04,1570147200,40.7
2019-10-05,1570233600,39.96
2019-10-06,1570320000,38.91
2019-10-07,1570406400,39.39
2019-10-08,1570492800,38.61
2019-10-09,1570579200,39.86
2019-10-10,1570665600,40.07
2019-10-11,1570752000,40.27
2019-10-12,1570838400,40.4
2019-10-13,1570924800,39.44
2019-10-14,1571011200,39.12
2019-10-15,1571097600,38.84
2019-10-16,1571184000,38.99
2019-10-17,1571270400,38.84
2019-10-18,1571356800,38.18
2019-10-19,1571443200,38.57
2019-10-20,1571529600,38.83
2019-10-21,1571616000,38.68
2019-10-22,1571702400,39.14
2019-10-23,1571788800,37.93
2019-10-24,1571875200,37.02
2019-10-25,1571961600,37.71
2019-10-26,1572048000,37.97
2019-10-27,1572134400,41.39
2019-10-28,1572220800,43.54
2019-10-29,1572307200,44.56
2019-10-30,1572393600,44.13
2019-10-31,1572480000,44.1
2019-11-01,1572566400,43.8
2019-11-02,1572652800,43.81
2019-11-03,1572739200,44.05
2019-11-04,1572825600,44.46
2019-11-05,1572912000,44.21
2019-11-06,1572998400,43.95
2019-11-07,1573084800,44.04
2019-11-08,1573171200,43.07
2019-11-09,1573257600,42.65
2019-11-10,1573344000,42.19
2019-11-11,1573430400,41.62
2019-11-12,1573516800,42.03
2019-11-13,1573603200,41.03
2019-11-14,1573689600,40.41
2019-11-15,1573776000,40.17
2019-11-16,1573862400,39.99
2019-11-17,1573948800,39.27
2019-11-18,1574035200,38.23
2019-11-19,1574121600,38.0
2019-11-20,1574208000,37.16
2019-11-21,1574294400,35.65
2019-11-22,1574380800,34.37
2019-11-23,1574467200,33.51
2019-11-24,1574553600,31.63
2019-11-25,1574640000,31.88
2019-11-26,1574726400,30.32
2019-11-27,1574812800,31.46
2019-11-28,1574899200,32.0
2019-11-29,1574985600,33.97
2019-11-30,1575072000,33.28
2019-12-01,1575158400,33.18
2019-12-02,1575244800,32.66
2019-12-03,1575331200,32.22
2019-12-04,1575417600,31.84
2019-12-05,1575504000,32.15
2019-12-06,1575590400,32.02
2019-12-07,1575676800,32.33
2019-12-08,1575763200,32.81
2019-12-09,1575849600,32.31
2019-12-10,1575936000,31.87
2019-12-11,1576022400,30.97
2019-12-12,1576108800,30.23
2019-12-13,1576195200,30.15
2019-12-14,1576281600,29.85
2019-12-15,1576368000,29.84
2019-12-16,1576454400,28.87
2019-12-17,1576540800,27.93
2019-12-18,1576627200,28.99
2019-12-19,1576713600,27.59
2019-12-20,1576800000,29.98
2019-12-21,1576886400,30.52
2019-12-22,1576972800,31.71
2019-12-23,1577059200,31.14
2019-12-24,1577145600,31.22
2019-12-25,1577232000,30.45
2019-12-26,1577318400,30.05
2019-12-27,1577404800,30.08
2019-12-28,1577491200,30.48
2019-12-29,1577577600,30.55
2019-12-30,1577664000,30.65
2019-12-31,1577750400,30.65
2020-01-01,1577836800,30.87
2020-01-02,1577923200,29.7
2020-01-03,1578009600,30.46
2020-01-04,1578096000,29.91
2020-01-05,1578182400,31.03
2020-01-06,1578268800,31.99
2020-01-07,1578355200,32.89
2020-01-08,1578441600,33.36
2020-01-09,1578528000,34.25
2020-01-10,1578614400,34.84
2020-01-11,1578700800,34.42
2020-01-12,1578787200,35.22
2020-01-13,1578873600,35.01
2020-01-14,1578960000,36.48
2020-01-15,1579046400,36.49
2020-01-16,1579132800,38.85
2020-01-17,1579219200,39.87
2020-01-18,1579305600,39.52
2020-01-19,1579392000,39.21
2020-01-20,1579478400,39.15
2020-01-21,1579564800,39.09
2020-01-22,1579651200,38.7
2020-01-23,1579737600,37.92
2020-01-24,1579824000,37.72
2020-01-25,1579910400,36.84
2020-01-26,1579996800,36.95
2020-01-27,1580083200,37.18
2020-01-28,1580169600,38.22
2020-01-29,1580256000,39.29
2020-01-30,1580342400,41.05
2020-01-31,1580428800,40.71
2020-02-01,1580515200,41.17
2020-02-02,1580601600,41.33
2020-02-03,1580688000,41.19
2020-02-04,1580774400,40.69
2020-02-05,1580860800,41.89
2020-02-06,1580947200,41.85
2020-02-07,1581033600,42.72
2020-02-08,1581120000,43.51
2020-02-09,1581206400,44.57
2020-02-10,1581292800,44.24
2020-02-11,1581379200,45.47
2020-02-12,1581465600,44.84
2020-02-13,1581552000,45.48
2020-02-14,1581638400,45.91
2020-02-15,1581724800,44.73
2020-02-16,1581811200,44.64
2020-02-17,1581897600,43.31
2020-02-18,1581984000,44.12
2020-02-19,1582070400,42.42
2020-02-20,1582156800,43.07
2020-02-21,1582243200,42.53
2020-02-22,1582329600,42.4
2020-02-23,1582416000,43.24
2020-02-24,1582502400,42.5
2020-02-25,1582588800,42.35
2020-02-26,1582675200,40.71
2020-02-27,1582761600,39.51
2020-02-28,1582848000,38.09
2020-02-29,1582934400,37.18
2020-03-01,1583020800,37.29
2020-03-02,1583107200,37.62
2020-03-03,1583193600,37.38
2020-03-04,1583280000,38.0
2020-03-05,1583366400,38.33
2020-03-06,1583452800,39.03
2020-03-07,1583539200,39.12
2020-03-08,1583625600,37.53
2020-03-09,1583712000,36.25
2020-03-10,1583798400,33.93
2020-03-11,1583884800,32.54
2020-03-12,1583971200,24.7
2020-03-13,1584057600,25.85
2020-03-14,1584144000,15.81
2020-03-15,1584230400,15.96
2020-03-16,1584316800,13.88
2020-03-17,1584403200,15.12
2020-03-18,1584489600,13.88
2020-03-19,1584576000,17.32
2020-03-20,1584662400,16.67
2020-03-21,1584748800,20.01
2020-03-22,1584835200,19.86
2020-03-23,1584921600,21.47
2020-03-24,1585008000,21.13
2020-03-25,1585094400,22.45
2020-03-26,1585180800,24.77
2020-03-27,1585267200,24.46
2020-03-28,1585353600,24.36
2020-03-29,1585440000,22.08
2020-03-30,1585526400,22.2
2020-03-31,1585612800,21.16
2020-04-01,1585699200,23.28
2020-04-02,1585785600,24.11
2020-04-03,1585872000,24.82
2020-04-04,1585958400,25.75
2020-04-05,1586044800,25.79
2020-04-06,1586131200,27.25
2020-04-07,1586217600,27.07
2020-04-08,1586304000,28.65
2020-04-09,1586390400,28.97
2020-04-10,1586476800,27.75
2020-04-11,1586563200,27.91
2020-04-12,1586649600,27.36
2020-04-13,1586736000,26.84
2020-04-14,1586822400,27.18
2020-04-15,1586908800,26.44
2020-04-16,1586995200,27.27
2020-04-17,1587081600,25.91
2020-04-18,1587168000,27.4
2020-04-19,1587254400,27.43
2020-04-20,1587340800,27.48
2020-04-21,1587427200,27.2
2020-04-22,1587513600,26.02
2020-04-23,1587600000,26.64
2020-04-24,1587686400,27.5
2020-04-25,1587772800,28.92
2020-04-26,1587859200,29.88
2020-04-27,1587945600,30.16
2020-04-28,1588032000,30.78
2020-04-29,1588118400,33.81
2020-04-30,1588204800,33.72
2020-05-01,1588291200,36.81
2020-05-02,1588377600,37.83
2020-05-03,1588464000,38.46
2020-05-04,1588550400,38.99
2020-05-05,1588636800,39.21
2020-05-06,1588723200,39.51
2020-05-07,1588809600,40.94
2020-05-08,1588896000,40.89
2020-05-09,1588982400,41.55
2020-05-10,1589068800,40.39
2020-05-11,1589155200,38.97
2020-05-12,1589241600,37.19
2020-05-13,1589328000,35.81
2020-05-14,1589414400,35.63
2020-05-15,1589500800,35.7
2020-05-16,1589587200,36.34
2020-05-17,1589673600,36.19
2020-05-18,1589760000,35.29
2020-05-19,1589846400,35.31
2020-05-20,1589932800,35.56
2020-05-21,1590019200,35.13
2020-05-22,1590105600,35.25
2020-05-23,1590192000,34.25
2020-05-24,1590278400,33.04
2020-05-25,1590364800,33.63
2020-05-26,1590451200,33.16
2020-05-27,1590537600,33.83
2020-05-28,1590624000,34.4
2020-05-29,1590710400,34.04
2020-05-30,1590796800,35.47
2020-05-31,1590883200,35.47
2020-06-01,1590969600,36.57
2020-06-02,1591056000,35.18
2020-06-03,1591142400,35.73
2020-06-04,1591228800,36.59
2020-06-05,1591315200,36.9
2020-06-06,1591401600,37.63
2020-06-07,1591488000,38.07
2020-06-08,1591574400,37.59
2020-06-09,1591660800,37.88
2020-06-10,1591747200,37.5
2020-06-11,1591833600,36.51
2020-06-12,1591920000,37.04
2020-06-13,1592006400,36.27
2020-06-14,1592092800,35.63
2020-06-15,1592179200,35.65
2020-06-16,1592265600,35.61
2020-06-17,1592352000,35.08
2020-06-18,1592438400,34.84
2020-06-19,1592524800,33.81
2020-06-20,1592611200,34.27
2020-06-21,1592697600,34.39
2020-06-22,1592784000,34.96
2020-06-23,1592870400,35.19
2020-06-24,1592956800,34.92
2020-06-25,1593043200,34.99
2020-06-26,1593129600,34.68
2020-06-27,1593216000,33.85
2020-06-28,1593302400,34.18
2020-06-29,1593388800,33.83
2020-06-30,1593475200,34.28
2020-07-01,1593561600,34.69
2020-07-02,1593648000,34.5
2020-07-03,1593734400,34.46
2020-07-04,1593820800,34.33
2020-07-05,1593907200,33.64
2020-07-06,1593993600,34.19
2020-07-07,1594080000,34.05
2020-07-08,1594166400,34.51
2020-07-09,1594252800,34.25
2020-07-10,1594339200,34.39
2020-07-11,1594425600,34.27
2020-07-12,1594512000,34.23
2020-07-13,1594598400,33.93
2020-07-14,1594684800,34.1
2020-07-15,1594771200,33.61
2020-07-16,1594857600,33.53
2020-07-17,1594944000,33.01
2020-07-18,1595030400,32.86
2020-07-19,1595116800,32.86
2020-07-20,1595203200,33.16
2020-07-21,1595289600,33.6
2020-07-22,1595376000,33.95
2020-07-23,1595462400,34.27
2020-07-24,1595548800,34.92
2020-07-25,1595635200,35.41
2020-07-26,1595721600,36.17
2020-07-27,1595808000,38.25
2020-07-28,1595894400,38.72
2020-07-29,1595980800,40.66
2020-07-30,1596067200,41.52
2020-07-31,1596153600,42.2
2020-08-01,1596240000,42.94
2020-08-02,1596326400,42.28
2020-08-03,1596412800,43.2
2020-08-04,1596499200,43.86
2020-08-05,1596585600,44.33
2020-08-06,1596672000,44.44
2020-08-07,1596758400,44.77
2020-08-08,1596844800,45.87
2020-08-09,1596931200,46.17
2020-08-10,1597017600,45.94
2020-08-11,1597104000,45.5
2020-08-12,1597190400,45.66
2020-08-13,1597276800,46.32
2020-08-14,1597363200,46.47
2020-08-15,1597449600,46.35
2020-08-16,1597536000,46.51
2020-08-17,1597622400,46.42
2020-08-18,1597708800,46.02
2020-08-19,1597795200,45.5
2020-08-20,1597881600,46.1
2020-08-21,1597968000,45.54
2020-08-22,1598054400,45.72
2020-08-23,1598140800,45.69
2020-08-24,1598227200,45.61
2020-08-25,1598313600,45.19
2020-08-26,1598400000,44.91
2020-08-27,1598486400,43.81
2020-08-28,1598572800,44.48
2020-08-29,1598659200,44.08
2020-08-30,1598745600,44.58
2020-08-31,1598832000,44.64
2020-09-01,1598918400,45.45
2020-09-02,1599004800,44.72
2020-09-03,1599091200,42.88
2020-09-04,1599177600,42.49
2020-09-05,1599264000,40.97
2020-09-06,1599350400,41.0
2020-09-07,1599436800,41.47
2020-09-08,1599523200,41.08
2020-09-09,1599609600,41.4
2020-09-10,1599696000,40.66
2020-09-11,1599782400,39.57
2020-09-12,1599868800,39.87
2020-09-13,1599955200,39.52
2020-09-14,1600041600,40.74
2020-09-15,1600128000,40.81
2020-09-16,1600214400,41.14
2020-09-17,1600300800,41.66
2020-09-18,1600387200,42.06
2020-09-19,1600473600,42.42
2020-09-20,1600560000,41.76
2020-09-21,1600646400,40.88
2020-09-22,1600732800,40.92
2020-09-23,1600819200,40.0
2020-09-24,1600905600,40.6
2020-09-25,1600992000,40.78
2020-09-26,1601078400,41.75
2020-09-27,1601164800,42.34
2020-09-28,1601251200,41.62
2020-09-29,1601337600,41.4
2020-09-30,1601424000,41.34
2020-10-01,1601510400,40.95
2020-10-02,1601596800,41.31
2020-10-03,1601683200,40.48
2020-10-04,1601769600,41.09
2020-10-05,1601856000,41.28
2020-10-06,1601942400,40.75
2020-10-07,1602028800,41.16
2020-10-08,1602115200,41.45
2020-10-09,1602201600,41.64
2020-10-10,1602288000,42.11
2020-10-11,1602374400,42.37
2020-10-12,1602460800,43.14
2020-10-13,1602547200,43.51
2020-10-14,1602633600,43.45
2020-10-15,1602720000,43.78
2020-10-16,1602806400,43.5
2020-10-17,1602892800,43.89
2020-10-18,1602979200,43.7
2020-10-19,1603065600,43.68
2020-10-20,1603152000,44.06
2020-10-21,1603238400,46.03
2020-10-22,1603324800,46.82
2020-10-23,1603411200,47.66
2020-10-24,1603497600,49.0
2020-10-25,1603584000,49.11
2020-10-26,1603670400,49.28
2020-10-27,1603756800,49.59
2020-10-28,1603843200,48.86
2020-10-29,1603929600,49.95
2020-10-30,1604016000,50.5
2020-10-31,1604102400,50.64
2020-11-01,1604188800,50.64
2020-11-02,1604275200,50.35
2020-11-03,1604361600,51.43
2020-11-04,1604448000,52.19
2020-11-05,1604534400,55.14
2020-11-06,1604620800,55.9
2020-11-07,1604707200,56.0
2020-11-08,1604793600,57.41
2020-11-09,1604880000,57.15
2020-11-10,1604966400,57.15
2020-11-11,1605052800,58.09
2020-11-12,1605139200,58.18
2020-11-13,1605225600,58.96
2020-11-14,1605312000,58.95
2020-11-15,1605398400,58.35
2020-11-16,1605484800,59.55
2020-11-17,1605571200,60.3
2020-11-18,1605657600,61.0
2020-11-19,1605744000,61.97
2020-11-20,1605830400,63.96
2020-11-21,1605916800,64.09
2020-11-22,1606003200,64.82
2020-11-23,1606089600,64.77
2020-11-24,1606176000,65.43
2020-11-25,1606262400,65.33
2020-11-26,1606348800,63.93
2020-11-27,1606435200,63.76
2020-11-28,1606521600,64.06
2020-11-29,1606608000,63.65
2020-11-30,1606694400,64.57
2020-12-01,1606780800,64.22
2020-12-02,1606867200,65.47
2020-12-03,1606953600,66.31
2020-12-04,1607040000,64.7
2020-12-05,1607126400,65.29
2020-12-06,1607212800,65.42
2020-12-07,1607299200,65.41
2020-12-08,1607385600,65.31
2020-12-09,1607472000,65.05
2020-12-10,1607558400,64.11
2020-12-11,1607644800,63.49
2020-12-12,1607731200,63.84
2020-12-13,1607817600,64.32
2020-12-14,1607904000,64.95
2020-12-15,1607990400,65.85
2020-12-16,1608076800,67.29
2020-12-17,1608163200,68.51
2020-12-18,1608249600,69.87
2020-12-19,1608336000,72.1
2020-12-20,1608422400,73.44
2020-12-21,1608508800,73.13
2020-12-22,1608595200,73.67
2020-12-23,1608681600,73.28
2020-12-24,1608768000,74.39
2020-12-25,1608854400,75.82
2020-12-26,1608940800,76.91
2020-12-27,1609027200,77.42
2020-12-28,1609113600,78.56
2020-12-29,1609200000,79.23
2020-12-30,1609286400,81.3
2020-12-31,1609372800,81.64
2021-01-01,1609459200,82.22
2021-01-02,1609545600,84.29
2021-01-03,1609632000,85.81
2021-01-04,1609718400,85.7
2021-01-05,1609804800,87.88
2021-01-06,1609891200,89.81
2021-01-07,1609977600,91.18
2021-01-08,1610064000,92.39
2021-01-09,1610150400,93.14
2021-01-10,1610236800,92.95
2021-01-11,1610323200,91.66
2021-01-12,1610409600,90.6
2021-01-13,1610496000,91.77
2021-01-14,1610582400,92.05
2021-01-15,1610668800,90.86
2021-01-16,1610755200,90.87
2021-01-17,1610841600,90.44
2021-01-18,1610928000,89.85
2021-01-19,1611014400,89.5
2021-01-20,1611100800,89.08
2021-01-21,1611187200,86.42
2021-01-22,1611273600,87.04
2021-01-23,1611360000,85.56
2021-01-24,1611446400,85.24
2021-01-25,1611532800,85.53
2021-01-26,1611619200,85.51
2021-01-27,1611705600,84.17
2021-01-28,1611792000,85.67
2021-01-29,1611878400,84.68
2021-01-30,1611964800,85.49
2021-01-31,1612051200,85.56
2021-02-01,1612137600,85.55
2021-02-02,1612224000,86.81
2021-02-03,1612310400,87.94
2021-02-04,1612396800,88.25
2021-02-05,1612483200,90.2
2021-02-06,1612569600,91.5
2021-02-07,1612656000,91.37
2021-02-08,1612742400,93.95
2021-02-09,1612828800,94.42
2021-02-10,1612915200,94.7
2021-02-11,1613001600,96.96
2021-02-12,1613088000,97.11
2021-02-13,1613174400,97.17
2021-02-14,1613260800,97.57
2021-02-15,1613347200,97.41
2021-02-16,1613433600,97.62
2021-02-17,1613520000,98.17
2021-02-18,1613606400,97.88
2021-02-19,1613692800,98.02
2021-02-20,1613779200,98.13
2021-02-21,1613865600,98.41
2021-02-22,1613952000,98.67
2021-02-23,1614038400,98.14
2021-02-24,1614124800,98.46
2021-02-25,1614211200,98.19
2021-02-26,1614297600,97.66
2021-02-27,1614384000,97.38
2021-02-28,1614470400,96.31
2021-03-01,1614556800,97.59
2021-03-02,1614643200,96.95
2021-03-03,1614729600,97.77
2021-03-04,1614816000,97.02
2021-03-05,1614902400,97.05
2021-03-06,1614988800,96.81
2021-03-07,1615075200,97.29
2021-03-08,1615161600,97.03
2021-03-09,1615248000,97.3
2021-03-10,1615334400,97.34
2021-03-11,1615420800,97.43
2021-03-12,1615507200,97.53
2021-03-13,1615593600,97.83
2021-03-14,1615680000,97.86
2021-03-15,1615766400,98.14
2021-03-16,1615852800,98.24
2021-03-17,1615939200,98.29
2021-03-18,1616025600,98.54
2021-03-19,1616112000,98.52
2021-03-20,1616198400,98.32
2021-03-21,1616284800,98.06
2021-03-22,1616371200,97.63
2021-03-23,1616457600,97.65
2021-03-24,1616544000,97.29
2021-03-25,1616630400,96.9
2021-03-26,1616716800,97.24
2021-03-27,1616803200,97.69
2021-03-28,1616889600,97.82
2021-03-29,1616976000,98.02
2021-03-30,1617062400,97.97
2021-03-31,1617148800,98.04
2021-04-01,1617235200,97.75
2021-04-02,1617321600,97.75
2021-04-03,1617408000,97.29
2021-04-04,1617494400,97.26
2021-04-05,1617580800,97.25
2021-04-06,1617667200,97.36
2021-04-07,1617753600,97.07
2021-04-08,1617840000,97.6
2021-04-09,1617926400,97.53
2021-04-10,1618012800,97.65
2021-04-11,1618099200,97.73
2021-04-12,1618185600,97.82
2021-04-13,1618272000,98.1
2021-04-14,1618358400,98.11
2021-04-15,1618444800,97.87
2021-04-16,1618531200,97.5
2021-04-17,1618617600,96.62
2021-04-18,1618704000,95.44
2021-04-19,1618790400,94.91
2021-04-20,1618876800,95.81
2021-04-21,1618963200,94.64
2021-04-22,1619049600,94.67
2021-04-23,1619136000,93.75
2021-04-24,1619222400,93.71
2021-04-25,1619308800,92.97
2021-04-26,1619395200,93.86
2021-04-27,1619481600,93.54
2021-04-28,1619568000,93.96
2021-04-29,1619654400,93.77
2021-04-30,1619740800,94.4
2021-05-01,1619827200,94.34
2021-05-02,1619913600,95.07
2021-05-03,1620000000,95.21
2021-05-04,1620086400,95.0
2021-05-05,1620172800,95.99
2021-05-06,1620259200,95.23
2021-05-07,1620345600,95.53
2021-05-08,1620432000,96.14
2021-05-09,1620518400,96.33
2021-05-10,1620604800,95.79
2021-05-11,1620691200,96.05
2021-05-12,1620777600,93.38
2021-05-13,1620864000,93.0
2021-05-14,1620950400,91.88
2021-05-15,1621036800,89.57
2021-05-16,1621123200,88.44
2021-05-17,1621209600,86.54
2021-05-18,1621296000,84.73
2021-05-19,1621382400,81.48
2021-05-20,1621468800,81.01
2021-05-21,1621555200,78.03
2021-05-22,1621641600,78.32
2021-05-23,1621728000,75.96
2021-05-24,1621814400,77.38
2021-05-25,1621900800,76.31
2021-05-26,1621987200,77.18
2021-05-27,1622073600,76.31
2021-05-28,1622160000,75.3
2021-05-29,1622246400,73.13
2021-05-30,1622332800,73.09
2021-05-31,1622419200,72.69
2021-06-01,1622505600,73.74
2021-06-02,1622592000,74.77
2021-06-03,1622678400,76.03
2021-06-04,1622764800,74.6
2021-06-05,1622851200,73.18
2021-06-06,1622937600,72.68
2021-06-07,1623024000,70.91
2021-06-08,1623110400,71.02
2021-06-09,1623196800,72.06
2021-06-10,1623283200,71.29
2021-06-11,1623369600,72.1
2021-06-12,1623456000,71.23
2021-06-13,1623542400,72.65
2021-06-14,1623628800,73.72
2021-06-15,1623715200,73.68
2021-06-16,1623801600,73.55
2021-06-17,1623888000,74.36
2021-06-18,1623974400,72.35
2021-06-19,1624060800,71.19
2021-06-20,1624147200,69.67
2021-06-21,1624233600,67.34
2021-06-22,1624320000,67.43
2021-06-23,1624406400,66.67
2021-06-24,1624492800,66.22
2021-06-25,1624579200,65.29
2021-06-26,1624665600,64.97
2021-06-27,1624752000,65.23
2021-06-28,1624838400,64.29
2021-06-29,1624924800,64.85
2021-06-30,1625011200,65.88
2021-07-01,1625097600,65.75
2021-07-02,1625184000,66.09
2021-07-03,1625270400,65.69
2021-07-04,1625356800,65.81
2021-07-05,1625443200,66.6
2021-07-06,1625529600,67.09
2021-07-07,1625616000,66.93
2021-07-08,1625702400,65.71
2021-07-09,1625788800,65.48
2021-07-10,1625875200,65.62
2021-07-11,1625961600,65.59
2021-07-12,1626048000,65.05
2021-07-13,1626134400,64.01
2021-07-14,1626220800,64.58
2021-07-15,1626307200,63.52
2021-07-16,1626393600,62.95
2021-07-17,1626480000,62.65
2021-07-18,1626566400,62.61
2021-07-19,1626652800,62.58
2021-07-20,1626739200,61.11
2021-07-21,1626825600,62.03
2021-07-22,1626912000,61.49
2021-07-23,1626998400,62.52
2021-07-24,1627084800,63.04
2021-07-25,1627171200,64.35
2021-07-26,1627257600,66.04
2021-07-27,1627344000,67.29
2021-07-28,1627430400,68.69
2021-07-29,1627516800,70.85
2021-07-30,1627603200,72.3
2021-07-31,1627689600,73.19
2021-08-01,1627776000,72.62
2021-08-02,1627862400,72.35
2021-08-03,1627948800,71.94
2021-08-04,1628035200,71.98
2021-08-05,1628121600,72.09
2021-08-06,1628208000,72.56
2021-08-07,1628294400,73.89
2021-08-08,1628380800,74.18
2021-08-09,1628467200,75.15
2021-08-10,1628553600,74.94
2021-08-11,1628640000,75.02
2021-08-12,1628726400,74.91
2021-08-13,1628812800,76.1
2021-08-14,1628899200,76.3
2021-08-15,1628985600,77.2
2021-08-16,1629072000,77.18
2021-08-17,1629158400,76.77
2021-08-18,1629244800,75.65
2021-08-19,1629331200,75.75
2021-08-20,1629417600,76.22
2021-08-21,1629504000,77.58
2021-08-22,1629590400,78.3
2021-08-23,1629676800,78.97
2021-08-24,1629763200,77.8
2021-08-25,1629849600,77.85
2021-08-26,1629936000,76.27
2021-08-27,1630022400,77.14
2021-08-28,1630108800,77.4
2021-08-29,1630195200,77.43
2021-08-30,1630281600,76.62
2021-08-31,1630368000,76.52
2021-09-01,1630454400,76.14
2021-09-02,1630540800,76.45
2021-09-03,1630627200,76.6
2021-09-04,1630713600,77.55
2021-09-05,1630800000,78.57
2021-09-06,1630886400,79.35
2021-09-07,1630972800,76.96
2021-09-08,1631059200,76.4
2021-09-09,1631145600,75.4
2021-09-10,1631232000,73.56
2021-09-11,1631318400,73.81
2021-09-12,1631404800,73.98
2021-09-13,1631491200,73.79
2021-09-14,1631577600,75.13
2021-09-15,1631664000,74.43
2021-09-16,1631750400,73.8
2021-09-17,1631836800,73.85
2021-09-18,1631923200,74.31
2021-09-19,1632009600,74.11
2021-09-20,1632096000,72.61
2021-09-21,1632182400,70.57
2021-09-22,1632268800,70.81
2021-09-23,1632355200,70.34
2021-09-24,1632441600,69.89
2021-09-25,1632528000,70.39
2021-09-26,1632614400,70.08
2021-09-27,1632700800,69.28
2021-09-28,1632787200,68.37
2021-09-29,1632873600,67.63
2021-09-30,1632960000,69.09
2021-10-01,1633046400,70.82
2021-10-02,1633132800,72.06
2021-10-03,1633219200,73.11
2021-10-04,1633305600,74.42
2021-10-05,1633392000,74.77
2021-10-06,1633478400,76.03
2021-10-07,1633564800,76.12
2021-10-08,1633651200,77.21
2021-10-09,1633737600,78.98
2021-10-10,1633824000,78.87
2021-10-11,1633910400,80.33
2021-10-12,1633996800,80.05
2021-10-13,1634083200,81.07
2021-10-14,1634169600,81.66
2021-10-15,1634256000,82.69
2021-10-16,1634342400,82.14
2021-10-17,1634428800,83.4
2021-10-18,1634515200,84.01
2021-10-19,1634601600,85.17
2021-10-20,1634688000,85.41
2021-10-21,1634774400,85.29
2021-10-22,1634860800,85.23
2021-10-23,1634947200,85.74
2021-10-24,1635033600,84.96
2021-10-25,1635120000,85.71
2021-10-26,1635206400,85.26
2021-10-27,1635292800,85.07
2021-10-28,1635379200,85.38
2021-10-29,1635465600,84.88
2021-10-30,1635552000,84.46
2021-10-31,1635638400,84.41
2021-11-01,1635724800,84.01
2021-11-02,1635811200,84.54
2021-11-03,1635897600,84.27
2021-11-04,1635984000,83.72
2021-11-05,1636070400,84.08
2021-11-06,1636156800,84.03
2021-11-07,1636243200,84.23
2021-11-08,1636329600,84.93
2021-11-09,1636416000,85.01
2021-11-10,1636502400,85.42
2021-11-11,1636588800,86.15
2021-11-12,1636675200,85.02
2021-11-13,1636761600,84.96
2021-11-14,1636848000,85.47
2021-11-15,1636934400,85.45
2021-11-16,1637020800,84.86
2021-11-17,1637107200,84.32
2021-11-18,1637193600,82.0
2021-11-19,1637280000,81.74
2021-11-20,1637366400,81.58
2021-11-21,1637452800,80.23
2021-11-22,1637539200,79.74
2021-11-23,1637625600,79.78
2021-11-24,1637712000,79.08
2021-11-25,1637798400,79.26
2021-11-26,1637884800,77.02
2021-11-27,1637971200,77.42
2021-11-28,1638057600,78.24
2021-11-29,1638144000,78.03
2021-11-30,1638230400,77.7
2021-12-01,1638316800,78.09
2021-12-02,1638403200,77.94
2021-12-03,1638489600,77.47
2021-12-04,1638576000,74.75
2021-12-05,1638662400,74.22
2021-12-06,1638748800,74.09
2021-12-07,1638835200,73.6
2021-12-08,1638921600,73.74
2021-12-09,1639008000,72.75
2021-12-10,1639094400,71.88
2021-12-11,1639180800,71.33
2021-12-12,1639267200,70.02
2021-12-13,1639353600,68.48
2021-12-14,1639440000,69.36
2021-12-15,1639526400,68.89
2021-12-16,1639612800,67.82
2021-12-17,1639699200,66.98
2021-12-18,1639785600,66.6
2021-12-19,1639872000,66.87
2021-12-20,1639958400,66.81
2021-12-21,1640044800,67.51
2021-12-22,1640131200,67.62
2021-12-23,1640217600,68.98
2021-12-24,1640304000,68.92
2021-12-25,1640390400,68.49
2021-12-26,1640476800,68.57
2021-12-27,1640563200,68.62
2021-12-28,1640649600,67.14
2021-12-29,1640736000,66.96
2021-12-30,1640822400,65.87
2021-12-31,1640908800,65.19
2022-01-01,1640995200,65.84
2022-01-02,1641081600,66.35
2022-01-03,1641168000,65.72
2022-01-04,1641254400,65.11
2022-01-05,1641340800,62.99
2022-01-06,1641427200,62.25
2022-01-07,1641513600,60.66
2022-01-08,1641600000,59.79
2022-01-09,1641686400,59.34
2022-01-10,1641772800,59.05
2022-01-11,1641859200,59.43
2022-01-12,1641945600,59.76
2022-01-13,1642032000,59.17
2022-01-14,1642118400,59.66
2022-01-15,1642204800,59.22
2022-01-16,1642291200,58.89
2022-01-17,1642377600,58.49
2022-01-18,1642464000,58.04
2022-01-19,1642550400,57.75
2022-01-20,1642636800,57.32
2022-01-21,1642723200,54.82
2022-01-22,1642809600,53.03
2022-01-23,1642896000,52.21
2022-01-24,1642982400,51.47
2022-01-25,1643068800,51.75
2022-01-26,1643155200,52.0
2022-01-27,1643241600,51.76
2022-01-28,1643328000,51.76
2022-01-29,1643414400,51.25
2022-01-30,1643500800,51.18
2022-01-31,1643587200,51.84
2022-02-01,1643673600,52.27
2022-02-02,1643760000,51.47
2022-02-03,1643846400,51.95
2022-02-04,1643932800,53.12
2022-02-05,1644019200,52.8
2022-02-06,1644105600,54.29
2022-02-07,1644192000,55.69
2022-02-08,1644278400,56.48
2022-02-09,1644364800,56.78
2022-02-10,1644451200,55.88
2022-02-11,1644537600,55.19
2022-02-12,1644624000,56.69
2022-02-13,1644710400,56.67
2022-02-14,1644796800,56.99
2022-02-15,1644883200,57.87
2022-02-16,1644969600,57.61
2022-02-17,1645056000,56.35
2022-02-18,1645142400,55.27
2022-02-19,1645228800,53.61
2022-02-20,1645315200,51.58
2022-02-21,1645401600,50.3
2022-02-22,1645488000,50.42
2022-02-23,1645574400,49.61
2022-02-24,1645660800,50.07
2022-02-25,1645747200,49.55
2022-02-26,1645833600,48.84
2022-02-27,1645920000,48.81
2022-02-28,1646006400,51.53
2022-03-01,1646092800,52.0
2022-03-02,1646179200,54.53
2022-03-03,1646265600,54.84
2022-03-04,1646352000,53.19
2022-03-05,1646438400,52.71
2022-03-06,1646524800,50.74
2022-03-07,1646611200,49.7
2022-03-08,1646697600,51.25
2022-03-09,1646784000,51.97
2022-03-10,1646870400,50.65
2022-03-11,1646956800,50.71
2022-03-12,1647043200,49.99
2022-03-13,1647129600,48.79
2022-03-14,1647216000,49.52
2022-03-15,1647302400,48.82
2022-03-16,1647388800,50.09
2022-03-17,1647475200,51.22
2022-03-18,1647561600,51.36
2022-03-19,1647648000,51.97
2022-03-20,1647734400,51.27
2022-03-21,1647820800,51.2
2022-03-22,1647907200,51.99
2022-03-23,1647993600,51.84
2022-03-24,1648080000,52.95
2022-03-25,1648166400,53.47
2022-03-26,1648252800,54.19
2022-03-27,1648339200,55.5
2022-03-28,1648425600,55.66
2022-03-29,1648512000,56.09
2022-03-30,1648598400,57.04
2022-03-31,1648684800,56.33
2022-04-01,1648771200,56.67
2022-04-02,1648857600,56.23
2022-04-03,1648944000,56.18
2022-04-04,1649030400,56.97
2022-04-05,1649116800,56.78
2022-04-06,1649203200,55.85
2022-04-07,1649289600,55.24
2022-04-08,1649376000,53.43
2022-04-09,1649462400,53.16
2022-04-10,1649548800,52.45
2022-04-11,1649635200,50.96
2022-04-12,1649721600,51.05
2022-04-13,1649808000,50.35
2022-04-14,1649894400,49.0
2022-04-15,1649980800,49.63
2022-04-16,1650067200,49.19
2022-04-17,1650153600,49.1
2022-04-18,1650240000,49.28
2022-04-19,1650326400,48.56
2022-04-20,1650412800,48.68
2022-04-21,1650499200,49.28
2022-04-22,1650585600,48.79
2022-04-23,1650672000,48.5
2022-04-24,1650758400,48.12
2022-04-25,1650844800,48.61
2022-04-26,1650931200,47.25
2022-04-27,1651017600,48.25
2022-04-28,1651104000,47.61
2022-04-29,1651190400,46.65
2022-04-30,1651276800,45.7
2022-05-01,1651363200,46.21
2022-05-02,1651449600,45.76
2022-05-03,1651536000,45.81
2022-05-04,1651622400,46.23
2022-05-05,1651708800,44.73
2022-05-06,1651795200,44.71
2022-05-07,1651881600,43.46
2022-05-08,1651968000,41.59
2022-05-09,1652054400,39.2
2022-05-10,1652140800,38.69
2022-05-11,1652227200,35.34
2022-05-12,1652313600,35.01
2022-05-13,1652400000,33.92
2022-05-14,1652486400,33.89
2022-05-15,1652572800,34.73
2022-05-16,1652659200,34.17
2022-05-17,1652745600,34.0
2022-05-18,1652832000,32.87
2022-05-19,1652918400,32.12
2022-05-20,1653004800,30.28
2022-05-21,1653091200,30.31
2022-05-22,1653177600,30.82
2022-05-23,1653264000,30.39
2022-05-24,1653350400,30.39
2022-05-25,1653436800,30.78
2022-05-26,1653523200,29.59
2022-05-27,1653609600,30.04
2022-05-28,1653696000,29.84
2022-05-29,1653782400,29.87
2022-05-30,1653868800,31.98
2022-05-31,1653955200,31.98
2022-06-01,1654041600,31.66
2022-06-02,1654128000,32.56
2022-06-03,1654214400,31.09
2022-06-04,1654300800,30.95
2022-06-05,1654387200,31.23
2022-06-06,1654473600,32.32
2022-06-07,1654560000,33.48
2022-06-08,1654646400,33.8
2022-06-09,1654732800,32.93
2022-06-10,1654819200,31.65
2022-06-11,1654905600,30.13
2022-06-12,1654992000,28.02
2022-06-13,1655078400,23.23
2022-06-14,1655164800,21.98
2022-06-15,1655251200,20.13
2022-06-16,1655337600,16.3
2022-06-17,1655424000,16.07
2022-06-18,1655510400,12.47
2022-06-19,1655596800,13.66
2022-06-20,1655683200,13.16
2022-06-21,1655769600,12.88
2022-06-22,1655856000,11.89
2022-06-23,1655942400,13.18
2022-06-24,1656028800,12.22
2022-06-25,1656115200,13.51
2022-06-26,1656201600,12.78
2022-06-27,1656288000,11.88
2022-06-28,1656374400,10.7
2022-06-29,1656460800,10.38
2022-06-30,1656547200,9.42
2022-07-01,1656633600,8.98
2022-07-02,1656720000,8.59
2022-07-03,1656806400,8.31
2022-07-04,1656892800,9.31
2022-07-05,1656979200,9.07
2022-07-06,1657065600,9.32
2022-07-07,1657152000,10.54
2022-07-08,1657238400,11.78
2022-07-09,1657324800,12.35
2022-07-10,1657411200,11.69
2022-07-11,1657497600,10.33
2022-07-12,1657584000,9.01
2022-07-13,1657670400,8.3
2022-07-14,1657756800,8.25
2022-07-15,1657843200,8.79
2022-07-16,1657929600,10.17
2022-07-17,1658016000,10.22
2022-07-18,1658102400,11.44
2022-07-19,1658188800,12.0
2022-07-20,1658275200,13.17
2022-07-21,1658361600,14.67
2022-07-22,1658448000,14.58
2022-07-23,1658534400,14.9
2022-07-24,1658620800,14.98
2022-07-25,1658707200,13.67
2022-07-26,1658793600,13.23
2022-07-27,1658880000,14.1
2022-07-28,1658966400,13.99
2022-07-29,1659052800,15.14
2022-07-30,1659139200,15.06
2022-07-31,1659225600,14.98
2022-08-01,1659312000,14.56
2022-08-02,1659398400,14.35
2022-08-03,1659484800,13.87
2022-08-04,1659571200,13.37
2022-08-05,1659657600,13.83
2022-08-06,1659744000,13.7
2022-08-07,1659830400,14.38
2022-08-08,1659916800,14.75
2022-08-09,1660003200,13.97
2022-08-10,1660089600,14.8
2022-08-11,1660176000,14.59
2022-08-12,1660262400,15.38
2022-08-13,1660348800,15.53
2022-08-14,1660435200,15.56
2022-08-15,1660521600,15.34
2022-08-16,1660608000,15.44
2022-08-17,1660694400,14.4
2022-08-18,1660780800,14.31
2022-08-19,1660867200,12.05
2022-08-20,1660953600,12.28
2022-08-21,1661040000,10.99
2022-08-22,1661126400,10.03
2022-08-23,1661212800,10.72
2022-08-24,1661299200,10.36
2022-08-25,1661385600,10.66
2022-08-26,1661472000,9.25
2022-08-27,1661558400,9.01
2022-08-28,1661644800,7.55
2022-08-29,1661731200,7.73
2022-08-30,1661817600,7.23
2022-08-31,1661904000,7.72
2022-09-01,1661990400,7.19
2022-09-02,1662076800,6.73
2022-09-03,1662163200,6.67
2022-09-04,1662249600,7.11
2022-09-05,1662336000,7.2
2022-09-06,1662422400,6.21
2022-09-07,1662508800,6.17
2022-09-08,1662595200,5.11
2022-09-09,1662681600,7.62
2022-09-10,1662768000,8.37
2022-09-11,1662854400,10.94
2022-09-12,1662940800,11.9
2022-09-13,1663027200,9.5
2022-09-14,1663113600,9.06
2022-09-15,1663200000,6.76
2022-09-16,1663286400,6.66
2022-09-17,1663372800,7.23
2022-09-18,1663459200,6.68
2022-09-19,1663545600,7.12
2022-09-20,1663632000,5.53
2022-09-21,1663718400,4.99
2022-09-22,1663804800,5.3
2022-09-23,1663891200,4.98
2022-09-24,1663977600,5.21
2022-09-25,1664064000,5.24
2022-09-26,1664150400,5.52
2022-09-27,1664236800,5.1
2022-09-28,1664323200,5.89
2022-09-29,1664409600,5.85
2022-09-30,1664496000,6.66
2022-10-01,1664582400,7.0
2022-10-02,1664668800,6.8
2022-10-03,1664755200,7.16
2022-10-04,1664841600,7.51
2022-10-05,1664928000,8.25
2022-10-06,1665014400,8.74
2022-10-07,1665100800,8.26
2022-10-08,1665187200,7.95
2022-10-09,1665273600,7.6
2022-10-10,1665360000,7.2
2022-10-11,1665446400,6.86
2022-10-12,1665532800,6.46
2022-10-13,1665619200,6.31
2022-10-14,1665705600,6.26
2022-10-15,1665792000,6.6
2022-10-16,1665878400,6.66
2022-10-17,1665964800,6.86
2022-10-18,1666051200,6.72
2022-10-19,1666137600,6.91
2022-10-20,1666224000,6.54
2022-10-21,1666310400,6.76
2022-10-22,1666396800,6.54
2022-10-23,1666483200,7.27
2022-10-24,1666569600,6.86
2022-10-25,1666656000,7.8
2022-10-26,1666742400,8.46
2022-10-27,1666828800,8.7
2022-10-28,1666915200,10.18
2022-10-29,1667001600,9.87
2022-10-30,1667088000,10.03
2022-10-31,1667174400,10.28
2022-11-01,1667260800,10.18
2022-11-02,1667347200,9.55
2022-11-03,1667433600,9.5
2022-11-04,1667520000,10.02
2022-11-05,1667606400,10.8
2022-11-06,1667692800,10.89
2022-11-07,1667779200,10.84
2022-11-08,1667865600,8.5
2022-11-09,1667952000,5.57
2022-11-10,1668038400,5.0
2022-11-11,1668124800,3.91
2022-11-12,1668211200,4.3
2022-11-13,1668297600,3.59
2022-11-14,1668384000,3.75
2022-11-15,1668470400,3.57
2022-11-16,1668556800,3.9
2022-11-17,1668643200,4.14
2022-11-18,1668729600,3.93
2022-11-19,1668816000,3.99
2022-11-20,1668902400,4.24
2022-11-21,1668988800,3.64
2022-11-22,1669075200,3.38
2022-11-23,1669161600,3.33
2022-11-24,1669248000,3.44
2022-11-25,1669334400,3.49
2022-11-26,1669420800,2.64
2022-11-27,1669507200,2.7
2022-11-28,1669593600,2.85
2022-11-29,1669680000,3.36
2022-11-30,1669766400,3.95
2022-12-01,1669852800,4.07
2022-12-02,1669939200,4.15
2022-12-03,1670025600,3.88
2022-12-04,1670112000,3.9
2022-12-05,1670198400,4.1
2022-12-06,1670284800,4.29
2022-12-07,1670371200,4.6
2022-12-08,1670457600,5.26
2022-12-09,1670544000,5.45
2022-12-10,1670630400,5.26
2022-12-11,1670716800,4.96
2022-12-12,1670803200,4.97
2022-12-13,1670889600,5.87
2022-12-14,1670976000,6.03
2022-12-15,1671062400,5.55
2022-12-16,1671148800,4.49
2022-12-17,1671235200,4.22
2022-12-18,1671321600,4.27
2022-12-19,1671408000,4.24
2022-12-20,1671494400,4.51
2022-12-21,1671580800,4.47
2022-12-22,1671667200,4.55
2022-12-23,1671753600,4.42
2022-12-24,1671840000,3.45
2022-12-25,1671926400,3.57
2022-12-26,1672012800,3.6
2022-12-27,1672099200,4.11
2022-12-28,1672185600,4.42
2022-12-29,1672272000,4.65
2022-12-30,1672358400,5.33
2022-12-31,1672444800,5.16
2023-01-01,1672531200,5.42
2023-01-02,1672617600,5.47
2023-01-03,1672704000,5.48
2023-01-04,1672790400,5.44
2023-01-05,1672876800,5.49
2023-01-06,1672963200,5.95
2023-01-07,1673049600,6.14
2023-01-08,1673136000,6.23
2023-01-09,1673222400,6.01
2023-01-10,1673308800,6.5
2023-01-11,1673395200,6.93
2023-01-12,1673481600,8.25
2023-01-13,1673568000,9.78
2023-01-14,1673654400,12.49
2023-01-15,1673740800,13.56
2023-01-16,1673827200,14.63
2023-01-17,1673913600,14.4
2023-01-18,1674000000,13.84
2023-01-19,1674086400,14.17
2023-01-20,1674172800,15.11
2023-01-21,1674259200,15.71
2023-01-22,1674345600,17.45
2023-01-23,1674432000,18.23
2023-01-24,1674518400,17.74
2023-01-25,1674604800,18.78
2023-01-26,1674691200,18.38
2023-01-27,1674777600,19.4
2023-01-28,1674864000,19.2
2023-01-29,1674950400,20.12
2023-01-30,1675036800,19.02
2023-01-31,1675123200,19.26
2023-02-01,1675209600,18.54
2023-02-02,1675296000,18.87
2023-02-03,1675382400,20.22
2023-02-04,1675468800,19.49
2023-02-05,1675555200,19.17
2023-02-06,1675641600,19.14
2023-02-07,1675728000,19.34
2023-02-08,1675814400,18.7
2023-02-09,1675900800,18.33
2023-02-10,1675987200,17.78
2023-02-11,1676073600,16.93
2023-02-12,1676160000,16.68
2023-02-13,1676246400,17.17
2023-02-14,1676332800,17.63
2023-02-15,1676419200,19.73
2023-02-16,1676505600,20.28
2023-02-17,1676592000,23.44
2023-02-18,1676678400,23.22
2023-02-19,1676764800,23.54
2023-02-20,1676851200,23.94
2023-02-21,1676937600,23.39
2023-02-22,1677024000,23.19
2023-02-23,1677110400,23.06
2023-02-24,1677196800,21.55
2023-02-25,1677283200,20.56
2023-02-26,1677369600,20.1
2023-02-27,1677456000,20.22
2023-02-28,1677542400,20.9
2023-03-01,1677628800,21.35
2023-03-02,1677715200,21.03
2023-03-03,1677801600,20.98
2023-03-04,1677888000,20.52
2023-03-05,1677974400,19.59
2023-03-06,1678060800,19.1
2023-03-07,1678147200,19.21
2023-03-08,1678233600,18.44
2023-03-09,1678320000,16.89
2023-03-10,1678406400,15.71
2023-03-11,1678492800,15.51
2023-03-12,1678579200,17.47
2023-03-13,1678665600,20.44
2023-03-14,1678752000,22.41
2023-03-15,1678838400,24.75
2023-03-16,1678924800,25.72
2023-03-17,1679011200,27.81
2023-03-18,1679097600,28.5
2023-03-19,1679184000,32.6
2023-03-20,1679270400,32.9
2023-03-21,1679356800,33.84
2023-03-22,1679443200,33.4
2023-03-23,1679529600,34.71
2023-03-24,1679616000,33.71
2023-03-25,1679702400,34.17
2023-03-26,1679788800,33.56
2023-03-27,1679875200,32.47
2023-03-28,1679961600,32.71
2023-03-29,1680048000,33.02
2023-03-30,1680134400,32.79
2023-03-31,1680220800,34.26
2023-04-01,1680307200,35.82
2023-04-02,1680393600,35.87
2023-04-03,1680480000,35.67
2023-04-04,1680566400,35.96
2023-04-05,1680652800,35.42
2023-04-06,1680739200,36.05
2023-04-07,1680825600,36.09
2023-04-08,1680912000,35.22
2023-04-09,1680998400,35.03
2023-04-10,1681084800,35.68
2023-04-11,1681171200,36.64
2023-04-12,1681257600,38.04
2023-04-13,1681344000,40.08
2023-04-14,1681430400,39.99
2023-04-15,1681516800,40.12
2023-04-16,1681603200,40.31
2023-04-17,1681689600,39.99
2023-04-18,1681776000,40.72
2023-04-19,1681862400,39.28
2023-04-20,1681948800,38.65
2023-04-21,1682035200,36.45
2023-04-22,1682121600,36.05
2023-04-23,1682208000,35.02
2023-04-24,1682294400,35.05
2023-04-25,1682380800,35.37
2023-04-26,1682467200,34.68
2023-04-27,1682553600,36.04
2023-04-28,1682640000,36.88
2023-04-29,1682726400,37.73
2023-04-30,1682812800,38.29
2023-05-01,1682899200,37.79
2023-05-02,1682985600,38.08
2023-05-03,1683072000,37.41
2023-05-04,1683158400,36.91
2023-05-05,1683244800,38.38
2023-05-06,1683331200,38.22
2023-05-07,1683417600,38.48
2023-05-08,1683504000,37.65
2023-05-09,1683590400,38.33
2023-05-10,1683676800,38.19
2023-05-11,1683763200,37.54
2023-05-12,1683849600,36.81
2023-05-13,1683936000,35.81
2023-05-14,1684022400,35.86
2023-05-15,1684108800,36.2
2023-05-16,1684195200,35.09
2023-05-17,1684281600,35.39
2023-05-18,1684368000,34.69
2023-05-19,1684454400,34.82
2023-05-20,1684540800,34.16
2023-05-21,1684627200,33.94
2023-05-22,1684713600,34.07
2023-05-23,1684800000,34.51
2023-05-24,1684886400,33.78
2023-05-25,1684972800,34.24
2023-05-26,1685059200,33.73
2023-05-27,1685145600,34.19
2023-05-28,1685232000,35.65
2023-05-29,1685318400,35.76
2023-05-30,1685404800,36.96
2023-05-31,1685491200,36.34
2023-06-01,1685577600,35.24
2023-06-02,1685664000,35.26
2023-06-03,1685750400,34.25
2023-06-04,1685836800,34.8
2023-06-05,1685923200,33.29
2023-06-06,1686009600,34.8
2023-06-07,1686096000,32.83
2023-06-08,1686182400,34.13
2023-06-09,1686268800,33.98
2023-06-10,1686355200,33.66
2023-06-11,1686441600,33.56
2023-06-12,1686528000,32.8
2023-06-13,1686614400,32.53
2023-06-14,1686700800,31.27
2023-06-15,1686787200,31.3
2023-06-16,1686873600,31.3
2023-06-17,1686960000,32.48
2023-06-18,1687046400,33.36
2023-06-19,1687132800,33.88
2023-06-20,1687219200,34.91
2023-06-21,1687305600,36.81
2023-06-22,1687392000,38.54
2023-06-23,1687478400,41.04
2023-06-24,1687564800,41.8
2023-06-25,1687651200,42.6
2023-06-26,1687737600,43.0
2023-06-27,1687824000,43.08
2023-06-28,1687910400,41.24
2023-06-29,1687996800,41.79
2023-06-30,1688083200,41.73
2023-07-01,1688169600,42.5
2023-07-02,1688256000,43.11
2023-07-03,1688342400,43.27
2023-07-04,1688428800,43.21
2023-07-05,1688515200,43.07
2023-07-06,1688601600,42.33
2023-07-07,1688688000,42.43
2023-07-08,1688774400,42.31
2023-07-09,1688860800,42.43
2023-07-10,1688947200,42.09
2023-07-11,1689033600,41.48
2023-07-12,1689120000,41.1
2023-07-13,1689206400,41.57
2023-07-14,1689292800,40.82
2023-07-15,1689379200,41.27
2023-07-16,1689465600,41.34
2023-07-17,1689552000,40.83
2023-07-18,1689638400,40.95
2023-07-19,1689724800,40.7
2023-07-20,1689811200,40.74
2023-07-21,1689897600,40.34
2023-07-22,1689984000,39.62
2023-07-23,1690070400,40.2
2023-07-24,1690156800,40.04
2023-07-25,1690243200,40.31
2023-07-26,1690329600,39.71
2023-07-27,1690416000,38.68
2023-07-28,1690502400,38.29
2023-07-29,1690588800,38.36
2023-07-30,1690675200,39.74
2023-07-31,1690761600,39.8
2023-08-01,1690848000,40.01
2023-08-02,1690934400,39.38
2023-08-03,1691020800,39.82
2023-08-04,1691107200,39.36
2023-08-05,1691193600,38.9
2023-08-06,1691280000,37.94
2023-08-07,1691366400,38.36
2023-08-08,1691452800,38.29
2023-08-09,1691539200,38.27
2023-08-10,1691625600,38.47
2023-08-11,1691712000,38.58
2023-08-12,1691798400,38.56
2023-08-13,1691884800,38.5
2023-08-14,1691971200,38.86
2023-08-15,1692057600,38.66
2023-08-16,1692144000,38.81
2023-08-17,1692230400,36.56
2023-08-18,1692316800,34.9
2023-08-19,1692403200,32.69
2023-08-20,1692489600,32.0
2023-08-21,1692576000,32.42
2023-08-22,1692662400,32.38
2023-08-23,1692748800,32.56
2023-08-24,1692835200,31.93
2023-08-25,1692921600,32.17
2023-08-26,1693008000,31.82
2023-08-27,1693094400,31.34
2023-08-28,1693180800,30.99
2023-08-29,1693267200,32.72
2023-08-30,1693353600,32.8
2023-08-31,1693440000,33.68
2023-09-01,1693526400,33.06
2023-09-02,1693612800,32.14
2023-09-03,1693699200,32.44
2023-09-04,1693785600,32.33
2023-09-05,1693872000,31.86
2023-09-06,1693958400,31.1
2023-09-07,1694044800,31.1
2023-09-08,1694131200,30.93
2023-09-09,1694217600,31.41
2023-09-10,1694304000,30.83
2023-09-11,1694390400,30.58
2023-09-12,1694476800,30.92
2023-09-13,1694563200,30.7
2023-09-14,1694649600,31.76
2023-09-15,1694736000,32.67
2023-09-16,1694822400,33.06
2023-09-17,1694908800,32.9
2023-09-18,1694995200,32.6
2023-09-19,1695081600,32.68
2023-09-20,1695168000,32.85
2023-09-21,1695254400,32.45
2023-09-22,1695340800,32.41
2023-09-23,1695427200,32.17
2023-09-24,1695513600,31.87
2023-09-25,1695600000,32.21
2023-09-26,1695686400,31.81
2023-09-27,1695772800,31.99
2023-09-28,1695859200,32.61
2023-09-29,1695945600,32.48
2023-09-30,1696032000,32.68
2023-10-01,1696118400,34.25
2023-10-02,1696204800,34.1
2023-10-03,1696291200,34.54
2023-10-04,1696377600,35.69
2023-10-05,1696464000,35.01
2023-10-06,1696550400,35.26
2023-10-07,1696636800,36.17
2023-10-08,1696723200,36.03
2023-10-09,1696809600,36.06
2023-10-10,1696896000,35.71
2023-10-11,1696982400,35.43
2023-10-12,1697068800,35.16
2023-10-13,1697155200,34.66
2023-10-14,1697241600,34.04
2023-10-15,1697328000,34.02
2023-10-16,1697414400,35.3
2023-10-17,1697500800,35.63
2023-10-18,1697587200,35.5
2023-10-19,1697673600,36.83
2023-10-20,1697760000,37.31
2023-10-21,1697846400,38.76
2023-10-22,1697932800,40.24
2023-10-23,1698019200,43.33
2023-10-24,1698105600,43.91
2023-10-25,1698192000,46.81
2023-10-26,1698278400,48.46
2023-10-27,1698364800,49.25
2023-10-28,1698451200,49.11
2023-10-29,1698537600,48.86
2023-10-30,1698624000,48.97
2023-10-31,1698710400,49.5
2023-11-01,1698796800,50.08
2023-11-02,1698883200,49.35
2023-11-03,1698969600,49.4
2023-11-04,1699056000,49.63
2023-11-05,1699142400,49.9
2023-11-06,1699228800,49.76
2023-11-07,1699315200,49.43
2023-11-08,1699401600,49.46
2023-11-09,1699488000,50.55
2023-11-10,1699574400,51.76
2023-11-11,1699660800,52.81
2023-11-12,1699747200,53.69
2023-11-13,1699833600,52.68
2023-11-14,1699920000,51.66
2023-11-15,1700006400,52.33
2023-11-16,1700092800,51.13
2023-11-17,1700179200,52.57
2023-11-18,1700265600,51.82
2023-11-19,1700352000,52.35
2023-11-20,1700438400,52.62
2023-11-21,1700524800,51.97
2023-11-22,1700611200,52.81
2023-11-23,1700697600,52.18
2023-11-24,1700784000,53.2
2023-11-25,1700870400,53.54
2023-11-26,1700956800,53.51
2023-11-27,1701043200,52.94
2023-11-28,1701129600,53.09
2023-11-29,1701216000,52.39
2023-11-30,1701302400,52.51
2023-12-01,1701388800,53.58
2023-12-02,1701475200,54.26
2023-12-03,1701561600,55.77
2023-12-04,1701648000,57.18
2023-12-05,1701734400,59.18
2023-12-06,1701820800,60.24
2023-12-07,1701907200,61.07
2023-12-08,1701993600,61.99
2023-12-09,1702080000,61.63
2023-12-10,1702166400,62.44
2023-12-11,1702252800,61.53
2023-12-12,1702339200,61.17
2023-12-13,1702425600,60.72
2023-12-14,1702512000,60.23
2023-12-15,1702598400,60.51
2023-12-16,1702684800,60.81
2023-12-17,1702771200,59.95
2023-12-18,1702857600,60.53
2023-12-19,1702944000,60.28
2023-12-20,1703030400,61.18
2023-12-21,1703116800,60.99
2023-12-22,1703203200,62.01
2023-12-23,1703289600,62.54
2023-12-24,1703376000,62.34
2023-12-25,1703462400,62.13
2023-12-26,1703548800,60.94
2023-12-27,1703635200,60.57
2023-12-28,1703721600,59.61
2023-12-29,1703808000,59.58
2023-12-30,1703894400,59.77
2023-12-31,1703980800,60.01
2024-01-01,1704067200,61.12
2024-01-02,1704153600,61.75
2024-01-03,1704240000,61.32
2024-01-04,1704326400,62.99
2024-01-05,1704412800,62.47
2024-01-06,1704499200,63.55
2024-01-07,1704585600,62.6
2024-01-08,1704672000,63.78
2024-01-09,1704758400,63.56
2024-01-10,1704844800,65.74
2024-01-11,1704931200,66.78
2024-01-12,1705017600,65.22
2024-01-13,1705104000,64.39
2024-01-14,1705190400,61.23
2024-01-15,1705276800,59.96
2024-01-16,1705363200,59.45
2024-01-17,1705449600,59.0
2024-01-18,1705536000,59.17
2024-01-19,1705622400,59.27
2024-01-20,1705708800,59.03
2024-01-21,1705795200,58.56
2024-01-22,1705881600,57.97
2024-01-23,1705968000,58.0
2024-01-24,1706054400,57.69
2024-01-25,1706140800,57.07
2024-01-26,1706227200,58.57
2024-01-27,1706313600,58.82
2024-01-28,1706400000,59.55
2024-01-29,1706486400,60.87
2024-01-30,1706572800,60.37
2024-01-31,1706659200,60.28
2024-02-01,1706745600,60.72
2024-02-02,1706832000,61.31
2024-02-03,1706918400,61.82
2024-02-04,1707004800,61.71
2024-02-05,1707091200,61.17
2024-02-06,1707177600,61.57
2024-02-07,1707264000,62.17
2024-02-08,1707350400,62.62
2024-02-09,1707436800,63.92
2024-02-10,1707523200,64.93
2024-02-11,1707609600,66.32
2024-02-12,1707696000,68.11
2024-02-13,1707782400,68.11
2024-02-14,1707868800,70.37
2024-02-15,1707955200,70.27
2024-02-16,1708041600,71.76
2024-02-17,1708128000,72.22
2024-02-18,1708214400,71.86
2024-02-19,1708300800,71.6
2024-02-20,1708387200,71.8
2024-02-21,1708473600,71.7
2024-02-22,1708560000,71.41
2024-02-23,1708646400,71.05
2024-02-24,1708732800,71.15
2024-02-25,1708819200,71.37
2024-02-26,1708905600,72.38
2024-02-27,1708992000,73.57
2024-02-28,1709078400,76.73
2024-02-29,1709164800,77.93
2024-03-01,1709251200,81.44
2024-03-02,1709337600,82.0
2024-03-03,1709424000,82.6
2024-03-04,1709510400,84.37
2024-03-05,1709596800,83.24
2024-03-06,1709683200,85.17
2024-03-07,1709769600,85.76
2024-03-08,1709856000,85.85
2024-03-09,1709942400,86.37
2024-03-10,1710028800,86.84
2024-03-11,1710115200,87.82
2024-03-12,1710201600,87.79
2024-03-13,1710288000,88.9
2024-03-14,1710374400,88.68
2024-03-15,1710460800,88.95
2024-03-16,1710547200,87.62
2024-03-17,1710633600,87.91
2024-03-18,1710720000,86.52
2024-03-19,1710806400,84.82
2024-03-20,1710892800,86.71
2024-03-21,1710979200,84.12
2024-03-22,1711065600,82.9
2024-03-23,1711152000,83.11
2024-03-24,1711238400,83.08
2024-03-25,1711324800,84.19
2024-03-26,1711411200,85.03
2024-03-27,1711497600,86.36
2024-03-28,1711584000,87.98
2024-03-29,1711670400,87.54
2024-03-30,1711756800,87.63
2024-03-31,1711843200,87.96
2024-04-01,1711929600,87.16
2024-04-02,1712016000,86.09
2024-04-03,1712102400,85.85
2024-04-04,1712188800,85.36
2024-04-05,1712275200,84.92
2024-04-06,1712361600,86.0
2024-04-07,1712448000,86.3
2024-04-08,1712534400,87.09
2024-04-09,1712620800,86.57
2024-04-10,1712707200,86.6
2024-04-11,1712793600,85.96
2024-04-12,1712880000,84.86
2024-04-13,1712966400,83.7
2024-04-14,1713052800,83.38
2024-04-15,1713139200,81.4
2024-04-16,1713225600,81.56
2024-04-17,1713312000,80.0
2024-04-18,1713398400,80.29
2024-04-19,1713484800,81.02
2024-04-20,1713571200,79.41
2024-04-21,1713657600,77.51
2024-04-22,1713744000,76.9
2024-04-23,1713830400,76.97
2024-04-24,1713916800,76.5
2024-04-25,1714003200,76.5
2024-04-26,1714089600,76.17
2024-04-27,1714176000,75.38
2024-04-28,1714262400,75.24
2024-04-29,1714348800,75.47
2024-04-30,1714435200,74.51
2024-05-01,1714521600,73.27
2024-05-02,1714608000,73.09
2024-05-03,1714694400,73.0
2024-05-04,1714780800,73.31
2024-05-05,1714867200,74.16
2024-05-06,1714953600,74.32
2024-05-07,1715040000,73.83
2024-05-08,1715126400,72.25
2024-05-09,1715212800,72.49
2024-05-10,1715299200,71.72
2024-05-11,1715385600,72.94
2024-05-12,1715472000,72.7
2024-05-13,1715558400,72.99
2024-05-14,1715644800,72.03
2024-05-15,1715731200,74.11
2024-05-16,1715817600,73.52
2024-05-17,1715904000,75.47
2024-05-18,1715990400,75.6
2024-05-19,1716076800,75.99
2024-05-20,1716163200,78.1
2024-05-21,1716249600,78.25
2024-05-22,1716336000,78.4
2024-05-23,1716422400,79.86
2024-05-24,1716508800,79.83
2024-05-25,1716595200,80.24
2024-05-26,1716681600,79.76
2024-05-27,1716768000,79.4
2024-05-28,1716854400,79.17
2024-05-29,1716940800,78.0
2024-05-30,1717027200,78.64
2024-05-31,1717113600,77.84
2024-06-01,1717200000,78.26
2024-06-02,1717286400,78.62
2024-06-03,1717372800,78.9
2024-06-04,1717459200,79.5
2024-06-05,1717545600,79.7
2024-06-06,1717632000,78.66
2024-06-07,1717718400,78.91
2024-06-08,1717804800,79.66
2024-06-09,1717891200,79.77
2024-06-10,1717977600,79.43
2024-06-11,1718064000,77.93
2024-06-12,1718150400,78.09
2024-06-13,1718236800,77.19
2024-06-14,1718323200,76.41
2024-06-15,1718409600,75.46
2024-06-16,1718496000,75.48
2024-06-17,1718582400,75.69
2024-06-18,1718668800,75.48
2024-06-19,1718755200,74.69
2024-06-20,1718841600,74.37
2024-06-21,1718928000,73.17
2024-06-22,1719014400,73.3
2024-06-23,1719100800,72.49
2024-06-24,1719187200,71.59
2024-06-25,1719273600,71.36
2024-06-26,1719360000,70.41
2024-06-27,1719446400,69.78
2024-06-28,1719532800,69.68
2024-06-29,1719619200,70.65
2024-06-30,1719705600,71.11
2024-07-01,1719792000,70.68
2024-07-02,1719878400,69.98
2024-07-03,1719964800,70.07
2024-07-04,1720051200,68.4
2024-07-05,1720137600,66.99
2024-07-06,1720224000,66.85
2024-07-07,1720310400,65.97
2024-07-08,1720396800,67.3
2024-07-09,1720483200,67.43
2024-07-10,1720569600,66.79
2024-07-11,1720656000,66.13
2024-07-12,1720742400,65.75
2024-07-13,1720828800,66.32
2024-07-14,1720915200,67.02
2024-07-15,1721001600,68.07
2024-07-16,1721088000,69.09
2024-07-17,1721174400,70.04
2024-07-18,1721260800,71.06
2024-07-19,1721347200,71.95
2024-07-20,1721433600,72.26
2024-07-21,1721520000,74.03
2024-07-22,1721606400,75.18
2024-07-23,1721692800,75.3
2024-07-24,1721779200,74.28
2024-07-25,1721865600,73.44
2024-07-26,1721952000,74.02
2024-07-27,1722038400,75.32
2024-07-28,1722124800,75.6
2024-07-29,1722211200,75.9
2024-07-30,1722297600,75.4
2024-07-31,1722384000,74.48
2024-08-01,1722470400,73.87
2024-08-02,1722556800,71.29
2024-08-03,1722643200,70.47
2024-08-04,1722729600,68.82
2024-08-05,1722816000,66.58
2024-08-06,1722902400,66.37
2024-08-07,1722988800,64.25
2024-08-08,1723075200,65.75
2024-08-09,1723161600,65.5
2024-08-10,1723248000,65.76
2024-08-11,1723334400,66.33
2024-08-12,1723420800,65.95
2024-08-13,1723507200,65.5
2024-08-14,1723593600,64.0
2024-08-15,1723680000,64.02
2024-08-16,1723766400,65.57
2024-08-17,1723852800,65.3
2024-08-18,1723939200,64.62
2024-08-19,1724025600,64.22
2024-08-20,1724112000,64.09
2024-08-21,1724198400,65.12
2024-08-22,1724284800,64.97
2024-08-23,1724371200,66.78
2024-08-24,1724457600,67.29
2024-08-25,1724544000,67.57
2024-08-26,1724630400,67.28
2024-08-27,1724716800,65.81
2024-08-28,1724803200,65.38
2024-08-29,1724889600,65.45
2024-08-30,1724976000,64.6
2024-08-31,1725062400,64.98
2024-09-01,1725148800,64.38
2024-09-02,1725235200,65.33
2024-09-03,1725321600,64.11
2024-09-04,1725408000,63.86
2024-09-05,1725494400,62.42
2024-09-06,1725580800,60.82
2024-09-07,1725667200,60.35
2024-09-08,1725753600,60.15
2024-09-09,1725840000,60.42
2024-09-10,1725926400,60.77
2024-09-11,1726012800,59.8
2024-09-12,1726099200,60.58
2024-09-13,1726185600,60.97
2024-09-14,1726272000,61.03
2024-09-15,1726358400,61.44
2024-09-16,1726444800,61.5
2024-09-17,1726531200,62.7
2024-09-18,1726617600,62.92
2024-09-19,1726704000,63.51
2024-09-20,1726790400,64.47
2024-09-21,1726876800,65.59
2024-09-22,1726963200,66.11
2024-09-23,1727049600,65.88
2024-09-24,1727136000,66.28
2024-09-25,1727222400,66.35
2024-09-26,1727308800,67.06
2024-09-27,1727395200,67.64
2024-09-28,1727481600,67.4
2024-09-29,1727568000,68.24
2024-09-30,1727654400,67.68
2024-10-01,1727740800,66.97
2024-10-02,1727827200,66.33
2024-10-03,1727913600,65.45
2024-10-04,1728000000,65.91
2024-10-05,1728086400,65.81
2024-10-06,1728172800,66.07
2024-10-07,1728259200,65.57
2024-10-08,1728345600,65.38
2024-10-09,1728432000,63.87
2024-10-10,1728518400,65.02
2024-10-11,1728604800,65.1
2024-10-12,1728691200,66.03
2024-10-13,1728777600,66.34
2024-10-14,1728864000,68.32
2024-10-15,1728950400,69.02
2024-10-16,1729036800,69.67
2024-10-17,1729123200,70.0
2024-10-18,1729209600,70.01
2024-10-19,1729296000,70.9
2024-10-20,1729382400,71.35
2024-10-21,1729468800,71.46
2024-10-22,1729555200,71.65
2024-10-23,1729641600,71.2
2024-10-24,1729728000,70.58
2024-10-25,1729814400,69.9
2024-10-26,1729900800,70.32
2024-10-27,1729987200,70.81
2024-10-28,1730073600,71.48
2024-10-29,1730160000,72.36
2024-10-30,1730246400,72.63
2024-10-31,1730332800,72.93
2024-11-01,1730419200,73.27
2024-11-02,1730505600,72.14
2024-11-03,1730592000,71.37
2024-11-04,1730678400,71.0
2024-11-05,1730764800,71.79
2024-11-06,1730851200,74.97
2024-11-07,1730937600,75.13
2024-11-08,1731024000,77.09
2024-11-09,1731110400,77.67
2024-11-10,1731196800,78.76
2024-11-11,1731283200,81.13
2024-11-12,1731369600,81.61
2024-11-13,1731456000,83.13
2024-11-14,1731542400,84.26
2024-11-15,1731628800,85.1
2024-11-16,1731715200,85.66
2024-11-17,1731801600,85.69
2024-11-18,1731888000,86.88
2024-11-19,1731974400,88.44
2024-11-20,1732060800,88.75
2024-11-21,1732147200,89.57
2024-11-22,1732233600,89.29
2024-11-23,1732320000,89.4
2024-11-24,1732406400,89.71
2024-11-25,1732492800,89.26
2024-11-26,1732579200,88.73
2024-11-27,1732665600,89.39
2024-11-28,1732752000,88.41
2024-11-29,1732838400,88.37
2024-11-30,1732924800,89.25
2024-12-01,1733011200,89.74
2024-12-02,1733097600,89.72
2024-12-03,1733184000,89.55
2024-12-04,1733270400,89.98
2024-12-05,1733356800,90.08
2024-12-06,1733443200,90.32
2024-12-07,1733529600,90.59
2024-12-08,1733616000,90.53
2024-12-09,1733702400,90.75
2024-12-10,1733788800,90.8
2024-12-11,1733875200,91.64
2024-12-12,1733961600,90.81
2024-12-13,1734048000,91.35
2024-12-14,1734134400,92.16
2024-12-15,1734220800,92.49
2024-12-16,1734307200,92.6
2024-12-17,1734393600,92.36
2024-12-18,1734480000,91.83
2024-12-19,1734566400,91.24
2024-12-20,1734652800,91.3
2024-12-21,1734739200,90.58
2024-12-22,1734825600,90.1
2024-12-23,1734912000,89.71
2024-12-24,1734998400,89.97
2024-12-25,1735084800,89.83
2024-12-26,1735171200,89.33
2024-12-27,1735257600,89.94
2024-12-28,1735344000,89.68
2024-12-29,1735430400,89.27
2024-12-30,1735516800,88.69
2024-12-31,1735603200,88.43
2025-01-01,1735689600,88.38
2025-01-02,1735776000,89.17
2025-01-03,1735862400,89.71
2025-01-04,1735948800,90.12
2025-01-05,1736035200,90.48
2025-01-06,1736121600,90.98
2025-01-07,1736208000,89.66
2025-01-08,1736294400,88.8
2025-01-09,1736380800,87.63
2025-01-10,1736467200,88.4
2025-01-11,1736553600,88.39
2025-01-12,1736640000,88.94
2025-01-13,1736726400,88.89
2025-01-14,1736812800,89.81
2025-01-15,1736899200,89.67
2025-01-16,1736985600,89.32
2025-01-17,1737072000,90.26
2025-01-18,1737158400,91.09
2025-01-19,1737244800,91.13
2025-01-20,1737331200,91.81
2025-01-21,1737417600,92.5
2025-01-22,1737504000,92.22
2025-01-23,1737590400,92.5
2025-01-24,1737676800,93.14
2025-01-25,1737763200,92.51
2025-01-26,1737849600,92.23
2025-01-27,1737936000,92.38
2025-01-28,1738022400,92.45
2025-01-29,1738108800,93.01
2025-01-30,1738195200,92.96
2025-01-31,1738281600,91.84
2025-02-01,1738368000,91.89
2025-02-02,1738454400,91.35
2025-02-03,1738540800,92.31
2025-02-04,1738627200,90.1
2025-02-05,1738713600,89.42
2025-02-06,1738800000,89.68
2025-02-07,1738886400,90.02
2025-02-08,1738972800,90.19
2025-02-09,1739059200,89.85
2025-02-10,1739145600,89.11
2025-02-11,1739232000,88.44
2025-02-12,1739318400,88.02
2025-02-13,1739404800,87.64
2025-02-14,1739491200,87.72
2025-02-15,1739577600,88.21
2025-02-16,1739664000,87.36
2025-02-17,1739750400,87.05
2025-02-18,1739836800,86.43
2025-02-19,1739923200,85.48
2025-02-20,1740009600,86.17
2025-02-21,1740096000,85.08
2025-02-22,1740182400,86.0
2025-02-23,1740268800,85.86
2025-02-24,1740355200,84.33
2025-02-25,1740441600,83.13
2025-02-26,1740528000,81.59
2025-02-27,1740614400,81.43
2025-02-28,1740700800,81.16
2025-03-01,1740787200,80.71
2025-03-02,1740873600,83.09
2025-03-03,1740960000,81.01
2025-03-04,1741046400,81.76
2025-03-05,1741132800,82.6
2025-03-06,1741219200,81.21
2025-03-07,1741305600,80.26
2025-03-08,1741392000,80.19
2025-03-09,1741478400,77.72
2025-03-10,1741564800,77.71
2025-03-11,1741651200,76.7
2025-03-12,1741737600,75.86
2025-03-13,1741824000,76.12
2025-03-14,1741910400,78.01
2025-03-15,1741996800,76.66
2025-03-16,1742083200,75.64
2025-03-17,1742169600,75.5
2025-03-18,1742256000,74.75
2025-03-19,1742342400,76.63
2025-03-20,1742428800,75.24
2025-03-21,1742515200,74.74
2025-03-22,1742601600,74.77
2025-03-23,1742688000,75.06
2025-03-24,1742774400,75.43
2025-03-25,1742860800,75.85
2025-03-26,1742947200,75.78
2025-03-27,1743033600,77.57
2025-03-28,1743120000,76.26
2025-03-29,1743206400,75.27
2025-03-30,1743292800,74.73
2025-03-31,1743379200,74.38
2025-04-01,1743465600,75.31
2025-04-02,1743552000,75.33
2025-04-03,1743638400,75.43
2025-04-04,1743724800,76.82
2025-04-05,1743811200,75.86
2025-04-06,1743897600,73.69
2025-04-07,1743984000,73.24
2025-04-08,1744070400,71.05
2025-04-09,1744156800,72.68
2025-04-10,1744243200,70.89
2025-04-11,1744329600,72.53
2025-04-12,1744416000,73.99
2025-04-13,1744502400,74.43
2025-04-14,1744588800,74.56
2025-04-15,1744675200,74.25
2025-04-16,1744761600,73.06
2025-04-17,1744848000,75.24
2025-04-18,1744934400,74.21
2025-04-19,1745020800,76.14
2025-04-20,1745107200,75.47
2025-04-21,1745193600,75.65
2025-04-22,1745280000,77.95
2025-04-23,1745366400,78.15
2025-04-24,1745452800,79.42
2025-04-25,1745539200,80.73
2025-04-26,1745625600,81.14
2025-04-27,1745712000,81.69
2025-04-28,1745798400,82.06
2025-04-29,1745884800,82.3
2025-04-30,1745971200,83.24
2025-05-01,1746057600,83.58
2025-05-02,1746144000,82.7
2025-05-03,1746230400,83.55
2025-05-04,1746316800,82.78
2025-05-05,1746403200,83.03
2025-05-06,1746489600,82.83
2025-05-07,1746576000,82.99
2025-05-08,1746662400,84.56
2025-05-09,1746748800,85.41
2025-05-10,1746835200,86.09
2025-05-11,1746921600,86.69
2025-05-12,1747008000,86.23
2025-05-13,1747094400,86.29
2025-05-14,1747180800,86.21
2025-05-15,1747267200,86.71
2025-05-16,1747353600,87.61
2025-05-17,1747440000,87.47
2025-05-18,1747526400,88.41
2025-05-19,1747612800,88.17
2025-05-20,1747699200,88.41
2025-05-21,1747785600,89.46
2025-05-22,1747872000,89.53
2025-05-23,1747958400,89.09
2025-05-24,1748044800,89.68
2025-05-25,1748131200,89.92
2025-05-26,1748217600,90.08
2025-05-27,1748304000,89.99
2025-05-28,1748390400,89.98
2025-05-29,1748476800,90.11
2025-05-30,1748563200,89.55
2025-05-31,1748649600,88.69
2025-06-01,1748736000,88.53
2025-06-02,1748822400,88.12
2025-06-03,1748908800,87.74
2025-06-04,1748995200,87.99
2025-06-05,1749081600,87.59
2025-06-06,1749168000,87.8
2025-06-07,1749254400,88.02
2025-06-08,1749340800,88.3
2025-06-09,1749427200,90.09
2025-06-10,1749513600,90.04
2025-06-11,1749600000,89.21
2025-06-12,1749686400,88.08
2025-06-13,1749772800,87.23
2025-06-14,1749859200,86.84
2025-06-15,1749945600,86.54
2025-06-16,1750032000,86.85
2025-06-17,1750118400,85.92
2025-06-18,1750204800,86.62
2025-06-19,1750291200,85.5
2025-06-20,1750377600,85.11
2025-06-21,1750464000,84.39
2025-06-22,1750550400,83.17
2025-06-23,1750636800,83.01
2025-06-24,1750723200,82.81
2025-06-25,1750809600,84.1
2025-06-26,1750896000,85.59
2025-06-27,1750982400,85.84
2025-06-28,1751068800,86.24
2025-06-29,1751155200,86.7
2025-06-30,1751241600,86.7
2025-07-01,1751328000,86.96
2025-07-02,1751414400,87.68
2025-07-03,1751500800,87.54
2025-07-04,1751587200,87.03
2025-07-05,1751673600,87.51
2025-07-06,1751760000,87.92
2025-07-07,1751846400,87.6
2025-07-08,1751932800,87.75
2025-07-09,1752019200,87.65
2025-07-10,1752105600,89.02
2025-07-11,1752192000,89.75
2025-07-12,1752278400,89.93
2025-07-13,1752364800,90.71
2025-07-14,1752451200,91.44
2025-07-15,1752537600,91.02
2025-07-16,1752624000,92.3
2025-07-17,1752710400,92.93
2025-07-18,1752796800,93.64
2025-07-19,1752883200,93.73
2025-07-20,1752969600,93.57
2025-07-21,1753056000,93.43
2025-07-22,1753142400,93.93
2025-07-23,1753228800,93.55
2025-07-24,1753315200,93.63
2025-07-25,1753401600,93.57
2025-07-26,1753488000,93.53
2025-07-27,1753574400,93.75
2025-07-28,1753660800,93.4
2025-07-29,1753747200,92.96
2025-07-30,1753833600,91.54
2025-07-31,1753920000,90.73
2025-08-01,1754006400,90.61
2025-08-02,1754092800,90.01
2025-08-03,1754179200,89.91
2025-08-04,1754265600,89.64
2025-08-05,1754352000,89.41
2025-08-06,1754438400,89.97
2025-08-07,1754524800,90.35
2025-08-08,1754611200,89.78
2025-08-09,1754697600,89.24
2025-08-10,1754784000,89.37
2025-08-11,1754870400,89.61
2025-08-12,1754956800,90.75
2025-08-13,1755043200,91.58
2025-08-14,1755129600,91.07
2025-08-15,1755216000,91.37
2025-08-16,1755302400,91.35
2025-08-17,1755388800,91.01
2025-08-18,1755475200,91.13
2025-08-19,1755561600,90.34
2025-08-20,1755648000,90.4
2025-08-21,1755734400,89.09
2025-08-22,1755820800,89.9
2025-08-23,1755907200,89.35
2025-08-24,1755993600,88.96
2025-08-25,1756080000,88.53
2025-08-26,1756166400,88.34
2025-08-27,1756252800,86.81
2025-08-28,1756339200,87.36
2025-08-29,1756425600,86.08
2025-08-30,1756512000,86.72
2025-08-31,1756598400,86.75
2025-09-01,1756684800,86.16
2025-09-02,1756771200,86.29
2025-09-03,1756857600,86.77
2025-09-04,1756944000,86.52
2025-09-05,1757030400,86.5
2025-09-06,1757116800,85.73
2025-09-07,1757203200,85.51
2025-09-08,1757289600,85.62
2025-09-09,1757376000,85.65
2025-09-10,1757462400,86.39
2025-09-11,1757548800,86.85
2025-09-12,1757635200,86.44
2025-09-13,1757721600,86.2
2025-09-14,1757808000,86.1
2025-09-15,1757894400,87.1
2025-09-16,1757980800,87.41
2025-09-17,1758067200,87.37
2025-09-18,1758153600,87.63
2025-09-19,1758240000,87.79
2025-09-20,1758326400,87.94
2025-09-21,1758412800,87.7
2025-09-22,1758499200,86.97
2025-09-23,1758585600,86.61
2025-09-24,1758672000,86.77
2025-09-25,1758758400,85.14
2025-09-26,1758844800,84.78
2025-09-27,1758931200,84.52
2025-09-28,1759017600,85.79
2025-09-29,1759104000,86.45
2025-09-30,1759190400,86.44
2025-10-01,1759276800,87.29
2025-10-02,1759363200,88.33
2025-10-03,1759449600,88.12
2025-10-04,1759536000,88.45
2025-10-05,1759622400,89.18
2025-10-06,1759708800,90.15
2025-10-07,1759795200,89.82
2025-10-08,1759881600,90.32
2025-10-09,1759968000,90.29
2025-10-10,1760054400,88.03
2025-10-11,1760140800,87.06
2025-10-12,1760227200,87.03
2025-10-13,1760313600,86.52
2025-10-14,1760400000,86.64
2025-10-15,1760486400,85.76
2025-10-16,1760572800,86.3
2025-10-17,1760659200,84.97
2025-10-18,1760745600,83.88
2025-10-19,1760832000,83.25
2025-10-20,1760918400,83.89
2025-10-21,1761004800,83.36
2025-10-22,1761091200,83.39
2025-10-23,1761177600,81.94
2025-10-24,1761264000,81.86
2025-10-25,1761350400,82.13
2025-10-26,1761436800,83.48
2025-10-27,1761523200,83.25
2025-10-28,1761609600,83.56
2025-10-29,1761696000,82.34
2025-10-30,1761782400,81.52
2025-10-31,1761868800,81.03
2025-11-01,1761955200,81.35
2025-11-02,1762041600,81.42
2025-11-03,1762128000,80.91
2025-11-04,1762214400,79.11
2025-11-05,1762300800,78.94
2025-11-06,1762387200,77.15
2025-11-07,1762473600,77.39
2025-11-08,1762560000,76.61
2025-11-09,1762646400,77.58
2025-11-10,1762732800,78.04
2025-11-11,1762819200,77.44
2025-11-12,1762905600,76.61
2025-11-13,1762992000,75.94
2025-11-14,1763078400,72.72
2025-11-15,1763164800,72.87
2025-11-16,1763251200,71.43
2025-11-17,1763337600,69.95
2025-11-18,1763424000,70.1
2025-11-19,1763510400,68.4
2025-11-20,1763596800,67.19
2025-11-21,1763683200,66.31
2025-11-22,1763769600,64.28
2025-11-23,1763856000,64.28
2025-11-24,1763942400,66.77
2025-11-25,1764028800,65.64
2025-11-26,1764115200,67.67
2025-11-27,1764201600,67.86
2025-11-28,1764288000,68.1
2025-11-29,1764374400,67.74
2025-11-30,1764460800,68.08
2025-12-01,1764547200,63.81
2025-12-02,1764633600,63.93
2025-12-03,1764720000,63.11
2025-12-04,1764806400,63.68
2025-12-05,1764892800,63.79
2025-12-06,1764979200,64.36
2025-12-07,1765065600,64.87
2025-12-08,1765152000,65.36
2025-12-09,1765238400,64.55
2025-12-10,1765324800,65.61
2025-12-11,1765411200,66.49
2025-12-12,1765497600,66.13
2025-12-13,1765584000,65.35
2025-12-14,1765670400,63.46
2025-12-15,1765756800,62.39
2025-12-16,1765843200,62.58
2025-12-17,1765929600,61.84
2025-12-18,1766016000,61.69
2025-12-19,1766102400,61.9
2025-12-20,1766188800,60.98
2025-12-21,1766275200,61.24
2025-12-22,1766361600,61.59
2025-12-23,1766448000,60.88
2025-12-24,1766534400,61.44
2025-12-25,1766620800,60.79
2025-12-26,1766707200,60.99
2025-12-27,1766793600,60.85
2025-12-28,1766880000,61.24
2025-12-29,1766966400,60.59
2025-12-30,1767052800,60.68
2025-12-31,1767139200,59.66
2026-01-01,1767225600,60.37
2026-01-02,1767312000,61.79
2026-01-03,1767398400,63.0
2026-01-04,1767484800,63.72
2026-01-05,1767571200,64.51
2026-01-06,1767657600,63.91
2026-01-07,1767744000,63.76
2026-01-08,1767830400,63.29
2026-01-09,1767916800,63.3
2026-01-10,1768003200,63.45
2026-01-11,1768089600,63.27
2026-01-12,1768176000,63.75
2026-01-13,1768262400,65.08
2026-01-14,1768348800,65.65
2026-01-15,1768435200,65.79
2026-01-16,1768521600,65.65
2026-01-17,1768608000,66.16
2026-01-18,1768694400,65.61
2026-01-19,1768780800,65.2
2026-01-20,1768867200,62.99
2026-01-21,1768953600,63.24
2026-01-22,1769040000,62.47
2026-01-23,1769126400,62.06
2026-01-24,1769212800,61.13
2026-01-25,1769299200,60.28
2026-01-26,1769385600,59.93
2026-01-27,1769472000,60.31
2026-01-28,1769558400,59.7
2026-01-29,1769644800,58.55
2026-01-30,1769731200,58.43
2026-01-31,1769817600,55.93
2026-02-01,1769904000,52.05
2026-02-02,1769990400,51.06
2026-02-03,1770076800,49.08
2026-02-04,1770163200,48.87
2026-02-05,1770249600,44.93
2026-02-06,1770336000,46.35
2026-02-07,1770422400,43.95
2026-02-08,1770508800,44.54
2026-02-09,1770595200,45.52
2026-02-10,1770681600,44.74
2026-02-11,1770768000,42.99
2026-02-12,1770854400,41.45
2026-02-13,1770940800,39.39
2026-02-14,1771027200,41.02
2026-02-15,1771113600,40.55
2026-02-16,1771200000,41.94
2026-02-17,1771286400,40.86
2026-02-18,1771372800,38.56
2026-02-19,1771459200,37.32
2026-02-20,1771545600,36.44
2026-02-21,1771632000,35.91
2026-02-22,1771718400,36.79
2026-02-23,1771804800,35.49
2026-02-24,1771891200,36.01
2026-02-25,1771977600,36.4
2026-02-26,1772064000,35.11
2026-02-27,1772150400,35.13
2026-02-28,1772236800,36.18
2026-03-01,1772323200,35.0
2026-03-02,1772409600,36.13
2026-03-03,1772496000,35.03
2026-03-04,1772582400,36.85
2026-03-05,1772668800,37.71
2026-03-06,1772755200,37.77
2026-03-07,1772841600,37.26
2026-03-08,1772928000,35.51
2026-03-09,1773014400,35.16
2026-03-10,1773100800,36.31
2026-03-11,1773187200,36.87
2026-03-12,1773273600,38.56
2026-03-13,1773360000,38.09
2026-03-14,1773446400,37.49
2026-03-15,1773532800,38.31
2026-03-16,1773619200,39.43
2026-03-17,1773705600,40.29
2026-03-18,1773792000,41.1
2026-03-19,1773878400,41.02
2026-03-20,1773964800,40.65
2026-03-21,1774051200,39.39
2026-03-22,1774137600,39.13
2026-03-23,1774224000,40.8
2026-03-24,1774310400,40.32
2026-03-25,1774396800,40.47
2026-03-26,1774483200,39.5
2026-03-27,1774569600,38.65
2026-03-28,1774656000,39.2
2026-03-29,1774742400,36.96
2026-03-30,1774828800,36.2
2026-03-31,1774915200,36.63
2026-04-01,1775001600,37.11
2026-04-02,1775088000,37.06
2026-04-03,1775174400,36.21
2026-04-04,1775260800,34.44
2026-04-05,1775347200,34.91
2026-04-06,1775433600,34.72
2026-04-07,1775520000,37.25
2026-04-08,1775606400,37.55
2026-04-09,1775692800,38.76
2026-04-10,1775779200,39.0
2026-04-11,1775865600,37.59
2026-04-12,1775952000,37.56
2026-04-13,1776038400,40.89
2026-04-14,1776124800,41.25
2026-04-15,1776211200,42.17
2026-04-16,1776297600,43.9
2026-04-17,1776384000,44.69
2026-04-18,1776470400,45.47
2026-04-19,1776556800,45.64
2026-04-20,1776643200,45.2
2026-04-21,1776729600,45.24
2026-04-22,1776816000,45.5
2026-04-23,1776902400,46.13
2026-04-24,1776988800,46.71
2026-04-25,1777075200,47.58
2026-04-26,1777161600,49.88
2026-04-27,1777248000,48.57
2026-04-28,1777334400,48.74
2026-04-29,1777420800,47.87
2026-04-30,1777507200,47.92
2026-05-01,1777593600,48.46
2026-05-02,1777680000,48.81
2026-05-03,1777766400,47.81
2026-05-04,1777852800,48.69
2026-05-05,1777939200,49.3
2026-05-06,1778025600,49.27
2026-05-07,1778112000,49.15
2026-05-08,1778198400,49.36
2026-05-09,1778284800,50.43
2026-05-10,1778371200,51.07
2026-05-11,1778457600,51.52
2026-05-12,1778544000,50.82
2026-05-13,1778630400,50.09
2026-05-14,1778716800,49.49
2026-05-15,1778803200,48.26
2026-05-16,1778889600,47.96
2026-05-17,1778976000,47.52
2026-05-18,1779062400,46.75
2026-05-19,1779148800,45.98
2026-05-20,1779235200,45.97
2026-05-21,1779321600,45.48
2026-05-22,1779408000,45.4
2026-05-23,1779494400,45.69
2026-05-24,1779580800,45.23
2026-05-25,1779667200,45.42
2026-05-26,1779753600,44.53
2026-05-27,1779840000,43.91
2026-05-28,1779926400,43.27
2026-05-29,1780012800,42.89
2026-05-30,1780099200,43.43
2026-05-31,1780185600,43.24
2026-06-01,1780272000,42.41
2026-06-02,1780358400,39.36
2026-06-03,1780444800,36.39
2026-06-04,1780531200,34.34
2026-06-05,1780617600,32.25
2026-06-06,1780704000,31.81
2026-06-07,1780790400,31.46
2026-06-08,1780876800,30.51
2026-06-09,1780963200,30.02
2026-06-10,1781049600,28.99
2026-06-11,1781136000,27.74
2026-06-12,1781222400,27.86
2026-06-13,1781308800,28.46
2026-06-14,1781395200,29.49
2026-06-15,1781481600,30.15
2026-06-16,1781568000,31.26
2026-06-17,1781654400,30.68
2026-06-18,1781740800,30.26
2026-06-19,1781827200,30.22
2026-06-20,1781913600,30.26
2026-06-21,1782000000,28.4
2026-06-22,1782086400,29.39
2026-06-23,1782172800,29.31
2026-06-24,1782259200,28.82
2026-06-25,1782345600,28.18
2026-06-26,1782432000,26.54
2026-06-27,1782518400,26.72
2026-06-28,1782604800,26.24
2026-06-29,1782691200,25.72
2026-06-30,1782777600,24.37
2026-07-01,1782864000,25.13
2026-07-02,1782950400,25.7
2026-07-03,1783036800,26.72
2026-07-04,1783123200,28.1
2026-07-05,1783209600,28.99
2026-07-06,1783296000,28.65
2026-07-07,1783382400,28.26
2026-07-08,1783468800,28.06
2026-07-09,1783555200,28.5
2026-07-10,1783641600,28.09
2026-07-11,1783728000,28.09
2026-07-12,1783814400,29.97
2026-07-13,1783900800,29.69
2026-07-14,1783987200,31.42
2026-07-15,1784073600,31.57
2026-07-16,1784160000,30.4
2026-07-17,1784246400,30.85
2026-07-18,1784332800,32.05
2026-07-19,1784419200,32.5
2026-07-20,1784505600,33.74
2026-07-21,1784592000,33.56
2026-07-22,1784678400,31.03
2026-07-23,1784764800,30.36
2026-07-24,1784851200,30.38
2026-07-25,1784937600,31.01
2026-07-26,1785024000,30.94
2026-07-27,1785110400,30.29
2026-07-28,1785196800,30.48
2026-07-29,1785283200,30.48
2026-07-30,1785369600,30.29
2026-07-31,1785456000,30.54
2026-08-01,1785542400,31.97
2026-08-02,1785628800,32.62
2026-08-03,1785715200,32.53
2026-08-04,1785801600,32.28
2026-08-05,1785888000,32.62
2026-08-06,1785974400,32.06
2026-08-07,1786060800,32.69
2026-08-08,1786147200,32.52
2026-08-09,1786233600,32.53
2026-08-10,1786320000,31.71
2026-08-11,1786406400,30.86
2026-08-12,1786492800,30.18
2026-08-13,1786579200,29.78
2026-08-14,1786665600,29.82
2026-08-15,1786752000,30.12
2026-08-16,1786838400,27.0
2026-08-17,1786924800,27.87
2026-08-18,1787011200,27.87
2026-08-19,1787097600,29.43
2026-08-20,1787184000,31.05
2026-08-21,1787270400,34.99
2026-08-22,1787356800,39.04
2026-08-23,1787443200,42.71
2026-08-24,1787529600,44.19
2026-08-25,1787616000,44.42
2026-08-26,1787702400,45.4
2026-08-27,1787788800,47.59
2026-08-28,1787875200,47.2
2026-08-29,1787961600,48.56
2026-08-30,1788048000,48.57
2026-08-31,1788134400,44.63
2026-09-01,1788220800,44.33
2026-09-02,1788307200,43.61
2026-09-03,1788393600,45.85
2026-09-04,1788480000,46.13
2026-09-05,1788566400,48.07
2026-09-06,1788652800,49.4
2026-09-07,1788739200,48.56
2026-09-08,1788825600,48.19
2026-09-09,1788912000,47.18
2026-09-10,1788998400,46.27
2026-09-11,1789084800,47.54
2026-09-12,1789171200,47.17
2026-09-13,1789257600,45.93
2026-09-14,1789344000,47.42
2026-09-15,1789430400,46.0
2026-09-16,1789516800,47.36
2026-09-17,1789603200,46.73
2026-09-18,1789689600,47.18
2026-09-19,1789776000,48.53
2026-09-20,1789862400,50.12
2026-09-21,1789948800,53.1
2026-09-22,1790035200,53.7
2026-09-23,1790121600,53.61
2026-09-24,1790208000,54.93
2026-09-25,1790294400,54.49
2026-09-26,1790380800,55.88
2026-09-27,1790467200,56.05
2026-09-28,1790553600,55.69
2026-09-29,1790640000,56.85
2026-09-30,1790726400,56.96
2026-10-01,1790812800,56.42
2026-10-02,1790899200,56.26
2026-10-03,1790985600,54.53
2026-10-04,1791072000,54.41
2026-10-05,1791158400,53.79
2026-10-06,1791244800,57.02
2026-10-07,1791331200,56.3
